Instrument,Action,Quantity,Price,Time,ID,E/X,Position,Order ID,Name,Commission,Rate,Account display name,Connection,
MNQ JUN26,Sell,1,25997.00,4/14/2026 2:59:02 PM,3faa1ddb1e244aa891e09eeab68d0bb0,Exit,-,c5e8c084c52a47258f9661f3de6c37fc,Profit target,$0.00,1,Playback101,Playback,
MNQ JUN26,Buy,1,25989.00,4/14/2026 2:58:32 PM,f6a41cedb1f14a84805ca32a3275b8b4,Entry,1 L,00cdda74603541148fac1082423c367f,ABSORPTION_153916,$0.00,1,Playback101,Playback,
MNQ JUN26,Buy,1,25959.50,4/14/2026 2:54:05 PM,814f35c4237348b69ff8bddd9baf82dc,Exit,-,482947500d304792b9a388da6df0dd89,Profit target,$0.00,1,Playback101,Playback,
MNQ JUN26,Sell,1,25967.50,4/14/2026 2:52:25 PM,4302581fb214437986121e34de44699e,Entry,1 S,7995884bd98842399bb9cae5b805d433,ABSORPTION_153913,$0.00,1,Playback101,Playback,
MNQ JUN26,Buy,1,25977.00,4/14/2026 2:45:09 PM,e30d8f38d39648288948ed70c5d0cacc,Exit,-,3a0fbd3d84234c3d8a5ff04891ad649c,Stop loss,$0.00,1,Playback101,Playback,
MNQ JUN26,Sell,1,25972.00,4/14/2026 2:45:04 PM,42dc22a0f1c64b869c0666dd45fa56a5,Entry,1 S,2e5e1e0c9d504674848a0874337a4439,ABSORPTION_153910,$0.00,1,Playback101,Playback,
MNQ JUN26,Sell,1,25982.75,4/14/2026 2:38:45 PM,1a306338e45b4ada862ae9572ef2fdf3,Exit,-,f559289464da4a9b949c08d0948b4979,Profit target,$0.00,1,Playback101,Playback,
MNQ JUN26,Buy,1,25974.75,4/14/2026 2:37:02 PM,d774850b0f6c4f64adb14737ed535060,Entry,1 L,691fe086d41b4e15bd7e66eb72cec5d5,ABSORPTION_153906,$0.00,1,Playback101,Playback,
MNQ JUN26,Sell,1,25980.75,4/14/2026 2:30:55 PM,7936e650fced4a719bdfb7e9950d1870,Exit,-,d3034693e8a4453babe59f49ea7e4110,Stop loss,$0.00,1,Playback101,Playback,
MNQ JUN26,Buy,1,25985.75,4/14/2026 2:28:41 PM,c5319e8ed5f64ae584d5ed4caeb94be0,Entry,1 L,4682fe466980428fb88e60aec3161a54,ABSORPTION_153902,$0.00,1,Playback101,Playback,
MNQ JUN26,Sell,1,25988.25,4/14/2026 2:25:38 PM,56cd02a479394cbd8c75baec4008f6e4,Exit,-,49d888c0ea4f48d49a71d7fa77817610,Profit target,$0.00,1,Playback101,Playback,
MNQ JUN26,Buy,1,25980.25,4/14/2026 2:21:21 PM,c25f9d2194034b309dd3073a526bbbdf,Entry,1 L,5b781a587baf4344bf81c1d53ce33c82,ABSORPTION_153859,$0.00,1,Playback101,Playback,
MNQ JUN26,Sell,1,25960.75,4/14/2026 2:13:42 PM,11444924411c4993b173fcfc0652465f,Exit,-,c7a24fa40c9a4f05af993a03423ac9c7,Stop loss,$0.00,1,Playback101,Playback,
MNQ JUN26,Buy,1,25965.75,4/14/2026 2:12:28 PM,0f1da3fe3f5a43108facaa425d3a25b1,Entry,1 L,7aac1ef739404786b741d8b8db5a4e0d,ABSORPTION_153856,$0.00,1,Playback101,Playback,
MNQ JUN26,Sell,1,25947.50,4/14/2026 2:05:43 PM,84837ff054bc4e7fa75fffd8e0253606,Exit,-,8c6c958531204b8cbe21a5d9d77ad876,Profit target,$0.00,1,Playback101,Playback,
MNQ JUN26,Buy,1,25939.50,4/14/2026 2:04:42 PM,b966edeae7174cba92902487cc9d13ed,Entry,1 L,115cefc94c5444608d7233e2b2ea3391,ABSORPTION_153853,$0.00,1,Playback101,Playback,
MNQ JUN26,Buy,1,25917.00,4/14/2026 1:59:26 PM,c945c551529647adae51f3777c2f2673,Exit,-,dca141727bda4c099310a0b91c1cabe8,Stop loss,$0.00,1,Playback101,Playback,
MNQ JUN26,Sell,1,25911.75,4/14/2026 1:58:00 PM,d338a2d211214441987a94a8280dbd08,Entry,1 S,bea27766f53e45cdbc0e1572b9442b3e,ABSORPTION_153850,$0.00,1,Playback101,Playback,
MNQ JUN26,Buy,1,25908.25,4/14/2026 1:48:51 PM,40d95ade22814b7d8471aac6f259f7e7,Exit,-,4f9239f67fc547659f39da15a06b174c,Stop loss,$0.00,1,Playback101,Playback,
MNQ JUN26,Sell,1,25903.25,4/14/2026 1:48:25 PM,2261468e6bf848ffb9a50d5e3f353401,Entry,1 S,4e8c0ab523d74c639644a23be1c5bf95,ABSORPTION_153847,$0.00,1,Playback101,Playback,
MNQ JUN26,Sell,1,25924.00,4/14/2026 1:38:56 PM,26fb4c7411e747e98e76da331ee90373,Exit,-,f2c429ed1a684bad860cdef8c036a611,Stop loss,$0.00,1,Playback101,Playback,
MNQ JUN26,Buy,1,25929.00,4/14/2026 1:38:04 PM,da3f4d9ac2544a2f95a7c413a287107c,Entry,1 L,b23b91774d40460a9595a503494a1d9f,ABSORPTION_153843,$0.00,1,Playback101,Playback,
MNQ JUN26,Buy,1,25914.00,4/14/2026 1:30:22 PM,7150b1260cac457495431229bbabcb62,Exit,-,176d5740d77241eb98e1638eb5578fc2,Stop loss,$0.00,1,Playback101,Playback,
MNQ JUN26,Sell,1,25909.00,4/14/2026 1:29:07 PM,0d38969da5d84ea3a687c332070882e0,Entry,1 S,07a5cebb5e4c4ae5a9ef65d5f7201e42,ABSORPTION_153839,$0.00,1,Playback101,Playback,
MNQ JUN26,Buy,1,25903.00,4/14/2026 1:21:54 PM,1e996354bbb34d66a9b97c44d2469ab9,Exit,-,6e65753651b540e6b8c174b660bb9464,Stop loss,$0.00,1,Playback101,Playback,
MNQ JUN26,Sell,1,25898.00,4/14/2026 1:21:51 PM,c73dd72cdb1d4194b2c5b2c97ec6f893,Entry,1 S,42f453e37710417faac4f85fca68ce29,ABSORPTION_153835,$0.00,1,Playback101,Playback,
MNQ JUN26,Buy,1,25920.50,4/14/2026 1:19:22 PM,d27c03fd351e452fbd06a00534c8656a,Exit,-,d66a4122eb63451ca8bc9498d946d056,Profit target,$0.00,1,Playback101,Playback,
MNQ JUN26,Sell,1,25928.50,4/14/2026 1:17:44 PM,cf95274c0ec1439f9cc7158e9dea9c62,Entry,1 S,50f2165d6b78446c90eb9b0405f1cf4a,ABSORPTION_153832,$0.00,1,Playback101,Playback,
MNQ JUN26,Buy,1,25938.50,4/14/2026 1:14:26 PM,218f2968a55042d1b0a9da9831004852,Exit,-,fb8c2d7dfdc4483ab56697d21c8dda0b,Profit target,$0.00,1,Playback101,Playback,
MNQ JUN26,Sell,1,25946.50,4/14/2026 1:10:14 PM,96826cacd344488cbfc66fc142450ff1,Entry,1 S,916484994f534379b97bcab6ca5eac4a,ABSORPTION_153828,$0.00,1,Playback101,Playback,
MNQ JUN26,Sell,1,25953.75,4/14/2026 1:06:29 PM,e08db2ad433f43aa94ef5d2c876d9a0f,Exit,-,a158719d77e94b20bc6826436fbc2189,Stop loss,$0.00,1,Playback101,Playback,
MNQ JUN26,Buy,1,25958.75,4/14/2026 1:00:22 PM,8921e7db42a044a3997928fe105bbeee,Entry,1 L,80a78c763d964e4f99e5596130dc37a9,ABSORPTION_153825,$0.00,1,Playback101,Playback,
MNQ JUN26,Sell,1,25959.25,4/14/2026 12:53:09 PM,79e7b5925e7746d694d0aa13925a73ae,Exit,-,a76fe358c4f849cf9fd29a844a036974,Stop loss,$0.00,1,Playback101,Playback,
MNQ JUN26,Buy,1,25964.25,4/14/2026 12:49:05 PM,4933d7cd0bac448186564f3bdb7a18cb,Entry,1 L,75a3f682b24144cc858196732dddb388,ABSORPTION_153821,$0.00,1,Playback101,Playback,
MNQ JUN26,Sell,1,25966.75,4/14/2026 12:42:39 PM,b0f7dbb5d02e4c4499787ad04b4f57a4,Exit,-,0cb57d84ed254e31aad404941e3af6b8,Profit target,$0.00,1,Playback101,Playback,
MNQ JUN26,Buy,1,25958.75,4/14/2026 12:39:29 PM,879ebd025f1f431e9cf01a73cde482a1,Entry,1 L,4ce1276ba2b645a294b5b30414e71f6f,ABSORPTION_153818,$0.00,1,Playback101,Playback,
MNQ JUN26,Sell,1,25956.00,4/14/2026 12:33:52 PM,38b84c3a541d47b6b4ae231f3190cd79,Exit,-,21dcc4743a4d48719cc29ef51b17b163,Profit target,$0.00,1,Playback101,Playback,
MNQ JUN26,Buy,1,25948.00,4/14/2026 12:31:13 PM,f449767079434b6e9cb0c7c0b265eff2,Entry,1 L,76b96877e365439dbe65310f183dec39,ABSORPTION_153815,$0.00,1,Playback101,Playback,
MNQ JUN26,Sell,1,25949.50,4/14/2026 12:25:17 PM,93a08345ed4748c8a36899c3da0f3c99,Exit,-,d05fd1d557604955a93436fa07b9a128,Stop loss,$0.00,1,Playback101,Playback,
MNQ JUN26,Buy,1,25954.50,4/14/2026 12:22:29 PM,6bae3f090c164413bc41e9019c925c13,Entry,1 L,fd4cd00bf8dc42928a0c45b3dd6d0648,ABSORPTION_153811,$0.00,1,Playback101,Playback,
MNQ JUN26,Sell,1,25931.75,4/14/2026 12:16:15 PM,85f2d02b56b649d495a56d0109d3e150,Exit,-,33f6cab75623485089cc1ce5be083d85,Profit target,$0.00,1,Playback101,Playback,
MNQ JUN26,Buy,1,25923.75,4/14/2026 12:14:06 PM,dfaa075cfe624e6b82d406aa239ba6dc,Entry,1 L,76baa75f0b3f4b109c0fb0f16dc618e0,ABSORPTION_153808,$0.00,1,Playback101,Playback,
MNQ JUN26,Buy,1,25921.50,4/14/2026 12:05:14 PM,abd67fc58043440da485e05dfe57b856,Exit,-,d0567a176e1d4e23807826aae679cd36,Stop loss,$0.00,1,Playback101,Playback,
MNQ JUN26,Sell,1,25916.50,4/14/2026 12:05:03 PM,3fd5353e14fa4c7db9b4a08691a3e3d8,Entry,1 S,89e19fb9926e4fa18612c6eaf0540e1b,ABSORPTION_153805,$0.00,1,Playback101,Playback,
MNQ JUN26,Buy,1,25915.75,4/14/2026 11:59:54 AM,4c9441a62f9e43caa7841d8589284bde,Exit,-,d41d787ed97b4685b38d7e35677e657c,Stop loss,$0.00,1,Playback101,Playback,
MNQ JUN26,Sell,1,25910.75,4/14/2026 11:56:19 AM,7c14cdf6ec544bb8a9f6049b897bb331,Entry,1 S,711b03da86f94527b00648cbd2050da2,ABSORPTION_153801,$0.00,1,Playback101,Playback,
MNQ JUN26,Sell,1,25922.50,4/14/2026 11:45:46 AM,7b40176a005e47c6a70461db302ce54c,Exit,-,b93f1d333fa9482586b095527ba21ad0,Stop loss,$0.00,1,Playback101,Playback,
MNQ JUN26,Buy,1,25927.50,4/14/2026 11:45:07 AM,111d9fbe173244cb881e63b8177d190b,Entry,1 L,1eaaa71b4e444751bf2666b44607483a,ABSORPTION_153756,$0.00,1,Playback101,Playback,
MNQ JUN26,Sell,1,25923.25,4/14/2026 11:40:04 AM,a97e86e343d44ad8ba3593326b654c08,Exit,-,5a16dbd929dc4af7b01fe4f7866046d9,Profit target,$0.00,1,Playback101,Playback,
MNQ JUN26,Buy,1,25915.25,4/14/2026 11:37:14 AM,a8f203bb7c3445f8a9ada5663984de99,Entry,1 L,e5ff2c858b1d44af865ebe027b96c083,ABSORPTION_153753,$0.00,1,Playback101,Playback,
MNQ JUN26,Sell,1,25923.25,4/14/2026 11:31:53 AM,9fd652bb1233427c82a9cf7f6b998718,Exit,-,4bd38fe0f4874e99bb6aa23dc99614cb,Stop loss,$0.00,1,Playback101,Playback,
MNQ JUN26,Buy,1,25928.25,4/14/2026 11:27:40 AM,4b94ca5f09284822b5de048e4cff0de2,Entry,1 L,b348b19d374b472a8ab325c35099b030,ABSORPTION_153748,$0.00,1,Playback101,Playback,
MNQ JUN26,Sell,1,25911.00,4/14/2026 11:20:35 AM,fe84824135d9499582ffaa220e994988,Exit,-,2ac27d5081814e5ab9d02c50edcf9805,Profit target,$0.00,1,Playback101,Playback,
MNQ JUN26,Buy,1,25903.00,4/14/2026 11:20:05 AM,641aacc92edd40cd9244bfede8d4f9a6,Entry,1 L,7e0d3d8c19f145bd862f3b5357c398ac,ABSORPTION_153745,$0.00,1,Playback101,Playback,
MNQ JUN26,Sell,1,25885.75,4/14/2026 11:12:27 AM,691f0aec5bf641479d0ce5f9dd532d84,Exit,-,8998ee0198604e31a495889c4b80458f,Stop loss,$0.00,1,Playback101,Playback,
MNQ JUN26,Buy,1,25890.75,4/14/2026 11:10:51 AM,0a01a301538045d9a8d97cfe341239a9,Entry,1 L,078d13f0e21a4650b2aabb5dee98ef88,ABSORPTION_153742,$0.00,1,Playback101,Playback,
MNQ JUN26,Sell,1,25893.50,4/14/2026 11:03:54 AM,ce75fe1e3c9c4fe081ab30c18388dc0d,Exit,-,4f707c45676d455aadf03df61e7b35c2,Profit target,$0.00,1,Playback101,Playback,
MNQ JUN26,Buy,1,25885.50,4/14/2026 11:02:05 AM,8bff1c6099a74089a427c226655a2e04,Entry,1 L,777aa6041261435abdb7a5eb039481bd,ABSORPTION_153739,$0.00,1,Playback101,Playback,
MNQ JUN26,Sell,1,25893.25,4/14/2026 10:51:05 AM,6f86db39b4ce4c5cb06b07fba2228019,Exit,-,cc3edd7750674deb9387ed1b56159b53,Profit target,$0.00,1,Playback101,Playback,
MNQ JUN26,Buy,1,25885.25,4/14/2026 10:50:25 AM,19b65931a9b14328bbd5248df3647ed0,Entry,1 L,a733e096b77c41ac9b5ada737e6da9f8,ABSORPTION_153734,$0.00,1,Playback101,Playback,
MNQ JUN26,Sell,1,25857.25,4/14/2026 10:44:03 AM,86a47dd9411040feb74d780c292aea09,Exit,-,af7b3d6130cd435b84e62ca3d1635ae1,Stop loss,$0.00,1,Playback101,Playback,
MNQ JUN26,Buy,1,25862.25,4/14/2026 10:43:41 AM,ec6fd5e6a3b3464eabd06261b3f8b100,Entry,1 L,e19b903e02ad4db4b057bb52f0311316,ABSORPTION_153731,$0.00,1,Playback101,Playback,
MNQ JUN26,Sell,1,25854.25,4/14/2026 10:38:42 AM,e4465e4f7a6f409497f3b35a85df4a6b,Exit,-,e45c0f7295a441c2a26ffa8d8d01a73d,Profit target,$0.00,1,Playback101,Playback,
MNQ JUN26,Buy,1,25846.25,4/14/2026 10:36:51 AM,cd599424522f4c26af6da7f048ccc2f7,Entry,1 L,ca954291df1e449e8fc991ae161b981f,ABSORPTION_153728,$0.00,1,Playback101,Playback,
MNQ JUN26,Sell,1,25848.25,4/14/2026 10:31:26 AM,4083830cf03745f4a73b8ce115f1cadb,Exit,-,e4d561b7baa54997971a407c6524a8b6,Profit target,$0.00,1,Playback101,Playback,
MNQ JUN26,Buy,1,25840.25,4/14/2026 10:30:16 AM,bf291fd4d00541a1bd55842c3d83741b,Entry,1 L,bee027d56a1e4f039f28168afd3597e5,ABSORPTION_153725,$0.00,1,Playback101,Playback,
MNQ JUN26,Sell,1,25826.50,4/14/2026 10:23:42 AM,9cb83e03e599477092150a0338a4f49a,Exit,-,10ceed24a4dc4993a12a37876b6d9c73,Profit target,$0.00,1,Playback101,Playback,
MNQ JUN26,Buy,1,25818.50,4/14/2026 10:23:24 AM,a699867a6ff54fa9966096a8e8dc7068,Entry,1 L,ab50248ac63242488658acfe69452ca4,ABSORPTION_153721,$0.00,1,Playback101,Playback,
MNQ JUN26,Sell,1,25793.00,4/14/2026 10:17:36 AM,2516905c888845b88b1af2d2d72797ad,Exit,-,c22ce102f37e4e918bb6d4e5135be2ea,Stop loss,$0.00,1,Playback101,Playback,
MNQ JUN26,Buy,1,25798.00,4/14/2026 10:17:24 AM,0bab90dcfaf5466ba14c4e9c3632e813,Entry,1 L,9eafb505cf7a4fe4b3a42219d45745ba,ABSORPTION_153718,$0.00,1,Playback101,Playback,
MNQ JUN26,Buy,1,25778.25,4/14/2026 10:11:00 AM,18ad3cbaa2b946d2a780d772d203de1e,Exit,-,a731b6e3740b45cc996140c4c284ae9d,Stop loss,$0.00,1,Playback101,Playback,
MNQ JUN26,Sell,1,25773.25,4/14/2026 10:10:20 AM,256d892e7e244bf6936d322d6440bbce,Entry,1 S,a20ccb26408d463194226d34d7b8d5b1,ABSORPTION_153715,$0.00,1,Playback101,Playback,
MNQ JUN26,Buy,1,25784.25,4/14/2026 10:04:58 AM,f4b72ed0074f4c1197a8bac836a56ee1,Exit,-,bbfeff12a534460bad4ad2e08f66bcad,Profit target,$0.00,1,Playback101,Playback,
MNQ JUN26,Sell,1,25792.25,4/14/2026 10:04:14 AM,95f69b070dbe4dc2969c8dafeb221be7,Entry,1 S,b8e29216aef64f2dbf61ff7e35ccb1a8,ABSORPTION_153711,$0.00,1,Playback101,Playback,
MNQ JUN26,Sell,1,25817.00,4/14/2026 9:54:46 AM,a691f1e23c3b4ceaa9a7d4352a5a8e86,Exit,-,388826be9f914932bd8798d662e4d5a5,Profit target,$0.00,1,Playback101,Playback,
MNQ JUN26,Buy,1,25809.00,4/14/2026 9:53:14 AM,fd512750781b44f0981b60ba5965f0fa,Entry,1 L,8340447588684dfd9bc98db13f86c9a0,ABSORPTION_153706,$0.00,1,Playback101,Playback,
MNQ JUN26,Sell,1,25804.00,4/14/2026 9:49:08 AM,bdbc3606f4a644b2a348c231fe087cab,Exit,-,1590b71d8c654a2bb5b6dc780898d389,Profit target,$0.00,1,Playback101,Playback,
MNQ JUN26,Buy,1,25796.00,4/14/2026 9:47:32 AM,1105a92bb8fb4d8c8ae63d44918a01d6,Entry,1 L,e5434ddc20304a3b9f1961ee331a67d9,ABSORPTION_153703,$0.00,1,Playback101,Playback,
MNQ JUN26,Sell,1,25788.75,4/14/2026 9:43:48 AM,749ccbacd9f749bea699b7ac9182afec,Exit,-,f877245ac1ec4312afeddec4c8b25146,Stop loss,$0.00,1,Playback101,Playback,
MNQ JUN26,Buy,1,25793.75,4/14/2026 9:42:19 AM,ec2004ade78e404d9d67f4fca5f4fe93,Entry,1 L,83c7c86c3a78490f8bf3f6e54cb88524,ABSORPTION_153700,$0.00,1,Playback101,Playback,
MNQ JUN26,Sell,1,25791.50,4/14/2026 9:22:06 AM,9f987e62569347b89bd5794888cb5c4b,Exit,-,7ad12aead109472ab31c82bc1cd85819,Profit target,$0.00,1,Playback101,Playback,
MNQ JUN26,Buy,1,25783.50,4/14/2026 9:21:25 AM,88a1a037e618456fbb0a270df1a12a5f,Entry,1 L,d1a70624f2194da4a7037e97205715e3,ABSORPTION_153649,$0.00,1,Playback101,Playback,
MNQ JUN26,Sell,1,25781.25,4/14/2026 9:17:38 AM,94e2eee21ba342a0888b5fff205bf1c2,Exit,-,4dc3de1c69a341efb8898ae40753ef55,Stop loss,$0.00,1,Playback101,Playback,
MNQ JUN26,Buy,1,25786.25,4/14/2026 9:17:18 AM,63b226058a5f4a738916befe3e2e63ac,Entry,1 L,bc7929f2273a475f817156f72947f1d6,ABSORPTION_153646,$0.00,1,Playback101,Playback,
MNQ JUN26,Sell,1,25779.50,4/14/2026 9:16:07 AM,0a385dc6fcdd41d19d6323d2cfbdcd66,Exit,-,71ed815d89744ced8bf24f21667ebe55,Profit target,$0.00,1,Playback101,Playback,
MNQ JUN26,Buy,1,25771.50,4/14/2026 9:14:24 AM,425f5e17a50e4884ae5b51ce180b3277,Entry,1 L,9e39aca3b91c4826ad7a22b4569d31f9,ABSORPTION_153643,$0.00,1,Playback101,Playback,
MNQ JUN26,Sell,1,25763.25,4/14/2026 9:11:18 AM,feeab6e671b545229748683b79309a82,Exit,-,ec88ccc80bc24accbe1f19902e73a79c,Profit target,$0.00,1,Playback101,Playback,
MNQ JUN26,Buy,1,25755.25,4/14/2026 9:10:35 AM,3e300dd594e44f5fb5095d5df37997ff,Entry,1 L,133ce3b0f75440698fae8e2395ef0115,ABSORPTION_153640,$0.00,1,Playback101,Playback,
MNQ JUN26,Buy,1,25727.25,4/14/2026 9:05:36 AM,0597af2e91e24b66bf9d2587c30f9934,Exit,-,3c7ee2d7a124447a9d1166da50dd47bb,Stop loss,$0.00,1,Playback101,Playback,
MNQ JUN26,Sell,1,25722.25,4/14/2026 9:05:18 AM,d74cc95f4afb411a8bbf588330990aa2,Entry,1 S,559daa4ab25740feb854e278f856183b,ABSORPTION_153637,$0.00,1,Playback101,Playback,
MNQ JUN26,Buy,1,25730.50,4/14/2026 9:01:03 AM,2f427c77e5b64c2e98fd4c82d48e2e0e,Exit,-,19746ed4f6324e749fa9d1db042581e8,Stop loss,$0.00,1,Playback101,Playback,
MNQ JUN26,Sell,1,25725.50,4/14/2026 9:00:27 AM,d0e53c109fe84f4ea40454e96ef13c7e,Entry,1 S,857d40d981dc446daa1d6390687e1a6b,ABSORPTION_153633,$0.00,1,Playback101,Playback,
MNQ JUN26,Sell,1,25755.25,4/14/2026 8:51:22 AM,345ceeb3b7604573a09a7c98be5ebaf4,Exit,-,3cfde2871cd043488bba59ecc6e520e3,Profit target,$0.00,1,Playback101,Playback,
MNQ JUN26,Buy,1,25747.25,4/14/2026 8:51:18 AM,54e71fe8b2c9472f872197f1912c1997,Entry,1 L,68f2992ee07e4b84b5215c7079bf28da,ABSORPTION_153627,$0.00,1,Playback101,Playback,
MNQ JUN26,Sell,1,25754.75,4/14/2026 8:46:26 AM,fd5cc26050634e8891f2ebc7f3c7cf8d,Exit,-,364408753f05424eaad880f10a0545ce,Stop loss,$0.00,1,Playback101,Playback,
MNQ JUN26,Buy,1,25759.75,4/14/2026 8:46:24 AM,66ba9f36911444b79da6e09e86ac6364,Entry,1 L,2daef39fef324337bc89ee07ac2ea64e,ABSORPTION_153623,$0.00,1,Playback101,Playback,
MNQ JUN26,Sell,1,25748.50,4/14/2026 8:44:00 AM,337963b28f2b4e48b491f41824b44955,Exit,-,7e83db702a6d4516a5a77d72534536b3,Profit target,$0.00,1,Playback101,Playback,
MNQ JUN26,Buy,1,25740.50,4/14/2026 8:43:15 AM,8cfb7463dfeb4b82aa38b064cf9c1229,Entry,1 L,5e7bb7770e98400cb8b754025539a472,ABSORPTION_153620,$0.00,1,Playback101,Playback,
MNQ JUN26,Sell,1,25741.25,4/14/2026 8:37:37 AM,d377cb97a2dc4d1a9ca5af65b0a1ba4c,Exit,-,329773469f0842a0911b51cc6dcd0879,Profit target,$0.00,1,Playback101,Playback,
MNQ JUN26,Buy,1,25733.25,4/14/2026 8:37:01 AM,04212bbe94bc4755a65385de0313e1d2,Entry,1 L,0bc17fff80fc4c969a95eeffa5fea900,ABSORPTION_153614,$0.00,1,Playback101,Playback,
MNQ JUN26,Sell,1,25519.25,4/13/2026 2:53:51 PM,2987203b36344a69bd7643c9925fffef,Exit,-,647c5e9da06e4f5da84570555c9dd71c,Profit target,$0.00,1,Playback101,Playback,
MNQ JUN26,Buy,1,25511.25,4/13/2026 2:53:12 PM,3ed78bca0dbb415a9dd102f5d04a0d82,Entry,1 L,399c3c20580944d2be436277683969ff,ABSORPTION_153259,$0.00,1,Playback101,Playback,
MNQ JUN26,Sell,1,25462.50,4/13/2026 2:45:33 PM,02da8ea1b495439f83ee45a138438ea9,Exit,-,9d60290e6e414dad938756c6862c8c8e,Stop loss,$0.00,1,Playback101,Playback,
MNQ JUN26,Buy,1,25467.75,4/13/2026 2:45:25 PM,3b8de103ce394239970a5151d6bc0f53,Entry,1 L,80c5ee7fdd864c569aba28a309683b05,ABSORPTION_153255,$0.00,1,Playback101,Playback,
MNQ JUN26,Sell,1,25484.25,4/13/2026 2:36:46 PM,b4f6b1e1ba7b47b2a19cebbd9d31b693,Exit,-,4e9f1f57b58c4852a0ac9dfee1f6cb9c,Profit target,$0.00,1,Playback101,Playback,
MNQ JUN26,Buy,1,25476.25,4/13/2026 2:36:07 PM,9fc720e54b7543f990d2bc726b7f098c,Entry,1 L,f6613b78a21545c0ac38b419906cb06f,ABSORPTION_153252,$0.00,1,Playback101,Playback,
MNQ JUN26,Sell,1,25454.00,4/13/2026 2:30:06 PM,cce41dfef6fe4da09ed8c25689cca213,Exit,-,86f2a5b7f77e4bd896d73a0aecf36319,Stop loss,$0.00,1,Playback101,Playback,
MNQ JUN26,Buy,1,25459.00,4/13/2026 2:26:29 PM,520e29dfe26041258b4873911defd39e,Entry,1 L,6925c03532d844e6bfc7a924873396dc,ABSORPTION_153249,$0.00,1,Playback101,Playback,
MNQ JUN26,Buy,1,25437.75,4/13/2026 2:14:19 PM,fe990bd0c9d14a5fa884806d16ff8054,Exit,-,0c9aa783985745b8bdefb669b696a4cc,Stop loss,$0.00,1,Playback101,Playback,
MNQ JUN26,Sell,1,25432.75,4/13/2026 2:13:55 PM,e8c97d04116e49dcbfb2263ee5d82b4e,Entry,1 S,01c1e1c75f35468fbeb51c3b76bf6480,ABSORPTION_153246,$0.00,1,Playback101,Playback,
MNQ JUN26,Sell,1,25447.75,4/13/2026 2:02:27 PM,64189edaa6e94b4daf8733587e98f838,Exit,-,849c51140141455cb8eeacb82a2d80f0,Stop loss,$0.00,1,Playback101,Playback,
MNQ JUN26,Buy,1,25452.75,4/13/2026 2:01:46 PM,a20240f36d2b437e80db50f20d9bde4b,Entry,1 L,80cf9424da4e465fbc92d95ccd2b0e7d,ABSORPTION_153242,$0.00,1,Playback101,Playback,
MNQ JUN26,Sell,1,25453.00,4/13/2026 1:55:16 PM,1c668e841bc84f2cb75f8e0177ac5ebf,Exit,-,f85301b888b24e4d9a4b2646c1c5bb6f,Profit target,$0.00,1,Playback101,Playback,
MNQ JUN26,Buy,1,25445.00,4/13/2026 1:53:25 PM,2c3cd0a4abd44a0abe903c164009338c,Entry,1 L,23a85d161d0f47b699c3628587d85623,ABSORPTION_153239,$0.00,1,Playback101,Playback,
MNQ JUN26,Sell,1,25432.25,4/13/2026 1:45:20 PM,2c7918b4bc7d454e93da500a556417ea,Exit,-,c251b6ddf5d8406584feb9146256cc5e,Profit target,$0.00,1,Playback101,Playback,
MNQ JUN26,Buy,1,25424.25,4/13/2026 1:44:37 PM,460f2d53e1e34cf9b3b9746c63a8cbcd,Entry,1 L,17fed26099bf4a1e9073f52940e6f159,ABSORPTION_153236,$0.00,1,Playback101,Playback,
MNQ JUN26,Sell,1,25421.25,4/13/2026 1:42:58 PM,f980302e46914606963c272ad92a1670,Exit,-,de76dea8a6634ee28c359b4c0f4b592d,Profit target,$0.00,1,Playback101,Playback,
MNQ JUN26,Buy,1,25413.25,4/13/2026 1:36:02 PM,d7e14ba7d48648ceb413fbfa44dca736,Entry,1 L,5978b4a092b64d9189477bc087f6a72c,ABSORPTION_153233,$0.00,1,Playback101,Playback,
MNQ JUN26,Buy,1,25409.75,4/13/2026 1:20:53 PM,8b89cb63defc49c0bc09f64abcf0a970,Exit,-,df848d740cba47959d417eaebb294909,Stop loss,$0.00,1,Playback101,Playback,
MNQ JUN26,Sell,1,25404.75,4/13/2026 1:20:19 PM,1c1dc44d8bf948cbba9f579f59c5e542,Entry,1 S,ee665cbcbea147c883197f08f201ebce,ABSORPTION_153228,$0.00,1,Playback101,Playback,
MNQ JUN26,Sell,1,25416.00,4/13/2026 1:13:09 PM,878acddc07c14e28bb2777e1327baad0,Exit,-,3a3c515c422b443d92fdedee95d6c4e0,Stop loss,$0.00,1,Playback101,Playback,
MNQ JUN26,Buy,1,25421.00,4/13/2026 1:09:32 PM,fb02003d2d4646088288455eb97cd2d0,Entry,1 L,b473b58e57af40379f3ecb7be16e58a7,ABSORPTION_153225,$0.00,1,Playback101,Playback,
MNQ JUN26,Buy,1,25410.75,4/13/2026 1:00:27 PM,f6528cdf9a9a4491a91ff790cef37718,Exit,-,e7d3f7dcabec493cb41e7bd6caf0ed36,Stop loss,$0.00,1,Playback101,Playback,
MNQ JUN26,Sell,1,25405.75,4/13/2026 12:58:23 PM,981d767a70414bf385265c508d837f26,Entry,1 S,8b543fdfd99b437fb6c2c1c716a62ddd,ABSORPTION_153222,$0.00,1,Playback101,Playback,
MNQ JUN26,Buy,1,25415.50,4/13/2026 12:46:09 PM,b053b47c107441a983f2cf83caec1b1d,Exit,-,31f9effab44a476cbf8c3225410dab7d,Stop loss,$0.00,1,Playback101,Playback,
MNQ JUN26,Sell,1,25410.50,4/13/2026 12:45:38 PM,968a8e961d4640c1bdf90f8dbfefc9a9,Entry,1 S,b42469f40b8b455aad978613c7ed7905,ABSORPTION_153218,$0.00,1,Playback101,Playback,
MNQ JUN26,Sell,1,25427.50,4/13/2026 12:32:23 PM,515c91380f1744e7b181c31ee98bcf9b,Exit,-,681ef18ba4f24e9e9bfd26f7643436a0,Stop loss,$0.00,1,Playback101,Playback,
MNQ JUN26,Buy,1,25432.50,4/13/2026 12:30:29 PM,465fee9f498742a3969be8c7510b629b,Entry,1 L,6d26a1ce78cd43be9cc02cbb63bb31a8,ABSORPTION_153213,$0.00,1,Playback101,Playback,
MNQ JUN26,Sell,1,25424.25,4/13/2026 12:20:07 PM,0806b0acb54749f6a5af42e0e812c2cc,Exit,-,8666b027a5c04889a3c2cdbabcfc8339,Stop loss,$0.00,1,Playback101,Playback,
MNQ JUN26,Buy,1,25429.25,4/13/2026 12:19:35 PM,66bfa643094a42ccb8f0cf100c03e5b4,Entry,1 L,95c7efb4e3984b508362249edb5f896d,ABSORPTION_153209,$0.00,1,Playback101,Playback,
MNQ JUN26,Sell,1,25402.50,4/13/2026 12:10:41 PM,c0608b4d91a4470c8b6ccd3a0d6c193f,Exit,-,0cfdf55e9fad486d851b674203c6b74a,Stop loss,$0.00,1,Playback101,Playback,
MNQ JUN26,Buy,1,25407.50,4/13/2026 12:10:03 PM,317c341386684ec399789bc2f5ba2266,Entry,1 L,b107ccb12a674c54b309efcb75c50b1b,ABSORPTION_153206,$0.00,1,Playback101,Playback,
MNQ JUN26,Sell,1,25409.50,4/13/2026 12:00:43 PM,49bfab7e44c94d7dbc86550fb3e13cbf,Exit,-,b2b2aafc73674de5aa6f3b3fef4fd856,Stop loss,$0.00,1,Playback101,Playback,
MNQ JUN26,Buy,1,25414.50,4/13/2026 11:59:43 AM,327c7c7c04834b1fbbbf6db5b68eabf4,Entry,1 L,da5bda775b1c48178a99a29f76f38c67,ABSORPTION_153202,$0.00,1,Playback101,Playback,
MNQ JUN26,Sell,1,25418.50,4/13/2026 11:51:33 AM,77077b0457bb4fb18f14d775be4d3b97,Exit,-,88291ac43120413882a6f43d1fe52021,Stop loss,$0.00,1,Playback101,Playback,
MNQ JUN26,Buy,1,25423.50,4/13/2026 11:51:28 AM,3122984b24f84c0c9984bb04771f01ae,Entry,1 L,95868a05c68d4afdb1ec90ea1a852b24,ABSORPTION_153159,$0.00,1,Playback101,Playback,
MNQ JUN26,Sell,1,25383.25,4/13/2026 11:46:27 AM,7a38a24cd64146ea821d0ebc283bc3ad,Exit,-,b4e24e320ca444b9939d462efbfb2df1,Profit target,$0.00,1,Playback101,Playback,
MNQ JUN26,Buy,1,25375.25,4/13/2026 11:45:44 AM,1b84994c2f884405bd1797cf5794a85b,Entry,1 L,8dadac2d64e945cfbafbf4b3a55e0f00,ABSORPTION_153156,$0.00,1,Playback101,Playback,
MNQ JUN26,Sell,1,25385.75,4/13/2026 11:38:27 AM,8add6d78acf644b4af1dd930f09d3725,Exit,-,86eb9d99fc53443c9fb7264783dc554e,Stop loss,$0.00,1,Playback101,Playback,
MNQ JUN26,Buy,1,25390.75,4/13/2026 11:37:23 AM,05cf38f8204c4ced999d284c28576592,Entry,1 L,7c42102a49d44ad3a9c2f19910aec2aa,ABSORPTION_153151,$0.00,1,Playback101,Playback,
MNQ JUN26,Sell,1,25368.25,4/13/2026 11:28:43 AM,f360b8254a8e46b3b3f5e94c8b423fd7,Exit,-,9790b1f6b08d43d5a30207c71f688b4c,Profit target,$0.00,1,Playback101,Playback,
MNQ JUN26,Buy,1,25360.25,4/13/2026 11:27:43 AM,996586780c174a7e9d7a0ebbd66e2e3b,Entry,1 L,e08d37b037614013ae5cf15cda21d0d0,ABSORPTION_153146,$0.00,1,Playback101,Playback,
MNQ JUN26,Sell,1,25341.75,4/13/2026 11:21:50 AM,e1975a77929144ba8200f9672017f98d,Exit,-,8097f7c05ec543f3bb0da354b0d4ae7b,Profit target,$0.00,1,Playback101,Playback,
MNQ JUN26,Buy,1,25333.75,4/13/2026 11:20:34 AM,bb353a0ec3a742508ae3ea7e479290d1,Entry,1 L,c1c2882880704392bbbdfb930e87833a,ABSORPTION_153143,$0.00,1,Playback101,Playback,
MNQ JUN26,Sell,1,25319.25,4/13/2026 11:12:36 AM,a6bbcc8bd384499694b9e152b743bc4d,Exit,-,72cfedbca36c4e36b1849aa3d856ed31,Stop loss,$0.00,1,Playback101,Playback,
MNQ JUN26,Buy,1,25324.50,4/13/2026 11:12:23 AM,e4bd22898b2d4c4583b0756dda821697,Entry,1 L,3dce262dc8a7492eac9980c11de13a4b,ABSORPTION_153139,$0.00,1,Playback101,Playback,
MNQ JUN26,Buy,1,25309.00,4/13/2026 10:58:33 AM,a3a95c364b6e4aca8dd1665dd78703b0,Exit,-,f57beb5f3ed645d085c3bb051bf9059c,Stop loss,$0.00,1,Playback101,Playback,
MNQ JUN26,Sell,1,25304.00,4/13/2026 10:58:07 AM,3a170089b737417d91cbebc6e2be4dcd,Entry,1 S,5b878d056ac34250bc885f3c764d756e,ABSORPTION_153133,$0.00,1,Playback101,Playback,
MNQ JUN26,Buy,1,25318.00,4/13/2026 10:49:48 AM,7d019d11e21d466e81c175b2c0b40395,Exit,-,b188f2901436447c9954880a0ede2b24,Stop loss,$0.00,1,Playback101,Playback,
MNQ JUN26,Sell,1,25313.00,4/13/2026 10:49:34 AM,48a9dc4e3f404ceb9f2a9e1eeedb9662,Entry,1 S,c9a45d7884ba4d8da27f44db95e4d124,ABSORPTION_153130,$0.00,1,Playback101,Playback,
MNQ JUN26,Sell,1,25331.75,4/13/2026 10:42:13 AM,81f5c7e3c26946709e5f592456f28efa,Exit,-,b6ca0491698c4a8087a7903c21c681b9,Stop loss,$0.00,1,Playback101,Playback,
MNQ JUN26,Buy,1,25337.00,4/13/2026 10:41:46 AM,a035b4c958c44c3884a3c710878851e2,Entry,1 L,08d55ada38844668944fa27908c3fce5,ABSORPTION_153127,$0.00,1,Playback101,Playback,
MNQ JUN26,Buy,1,25311.25,4/13/2026 10:36:24 AM,7abf641a58f1427c95de2ee347ff9cf9,Exit,-,f4405c01c52c4ddfad236a0a3cb85b94,Stop loss,$0.00,1,Playback101,Playback,
MNQ JUN26,Sell,1,25306.25,4/13/2026 10:36:07 AM,6311561353b64bd1bba6ec10e6f4b60a,Entry,1 S,a4d1c70cc124491a936e203eaca1dd5b,ABSORPTION_153124,$0.00,1,Playback101,Playback,
MNQ JUN26,Buy,1,25318.25,4/13/2026 10:28:00 AM,f099c576006d443390dd907494971d0e,Exit,-,72d5500135924c3d912bee643473fd35,Stop loss,$0.00,1,Playback101,Playback,
MNQ JUN26,Sell,1,25313.25,4/13/2026 10:27:25 AM,f54c8b96151c49d8ae1bd0ffd4238b6b,Entry,1 S,9142b4d2597846f181f41a7efaf35879,ABSORPTION_153120,$0.00,1,Playback101,Playback,
MNQ JUN26,Buy,1,25323.75,4/13/2026 10:20:26 AM,854375020d9e4ab8b632a09340ff37c6,Exit,-,f8e3bda3981b4c6e9bb818874c4a50d2,Stop loss,$0.00,1,Playback101,Playback,
MNQ JUN26,Sell,1,25318.75,4/13/2026 10:20:05 AM,e024c71501ad432fa3cccec04b6b466e,Entry,1 S,cd49ff93bb03444fb4335450d6f5b8dd,ABSORPTION_153117,$0.00,1,Playback101,Playback,
MNQ JUN26,Sell,1,25343.00,4/13/2026 10:12:25 AM,e26252e9b0f74ccd9d03225ba915fd1a,Exit,-,9979f885ce2e4843af95acb907bef14e,Stop loss,$0.00,1,Playback101,Playback,
MNQ JUN26,Buy,1,25348.00,4/13/2026 10:12:22 AM,67683907c3ca4353a05738d82ba04357,Entry,1 L,c9794efddcf44c569ca0000ad2d69c4e,ABSORPTION_153113,$0.00,1,Playback101,Playback,
MNQ JUN26,Sell,1,25324.75,4/13/2026 10:07:33 AM,a1b9b58ca37b4801a0d9819563f97583,Exit,-,9870555c1c1f455499a058faedbaa820,Profit target,$0.00,1,Playback101,Playback,
MNQ JUN26,Buy,1,25316.75,4/13/2026 10:06:20 AM,40707e0cdda4410fa5a7a9a098652e24,Entry,1 L,1fd745a6905141f698c19c617bb569b3,ABSORPTION_153110,$0.00,1,Playback101,Playback,
MNQ JUN26,Sell,1,25343.75,4/13/2026 9:57:51 AM,9ed6a77bf5f344d9a16cea069162736a,Exit,-,37aa693173a34233b550916643165155,Profit target,$0.00,1,Playback101,Playback,
MNQ JUN26,Buy,1,25335.75,4/13/2026 9:57:05 AM,7174a7297f9043da99ab8d238983de40,Entry,1 L,b7ced7b895ad4eb4b58f57202c790d45,ABSORPTION_153105,$0.00,1,Playback101,Playback,
MNQ JUN26,Sell,1,25299.50,4/13/2026 9:51:02 AM,b5ed3ffeace84391a6c3277411f67471,Exit,-,e28fecb6e6084e328e81333e8c3f6ca7,Stop loss,$0.00,1,Playback101,Playback,
MNQ JUN26,Buy,1,25304.75,4/13/2026 9:50:59 AM,b3af7a545f324cab9cfae140ca2732bd,Entry,1 L,553e8343d22e4b9cae1ca10ead8c5b95,ABSORPTION_153102,$0.00,1,Playback101,Playback,
MNQ JUN26,Sell,1,25306.75,4/13/2026 9:43:21 AM,0100f1cff43c4364af966453a2961c6f,Exit,-,bc29bd21233f4c01883aa46a6c9feb4f,Profit target,$0.00,1,Playback101,Playback,
MNQ JUN26,Buy,1,25298.75,4/13/2026 9:43:00 AM,dcee98b5bbcd435a877883abd14cd170,Entry,1 L,a3e55ae95e194fddafa8e681e3c06e6b,ABSORPTION_153057,$0.00,1,Playback101,Playback,
MNQ JUN26,Sell,1,25289.25,4/13/2026 9:36:02 AM,4ea241ebd5154a4b987195656a338524,Exit,-,369591f808044407952234a7de09ec63,Stop loss,$0.00,1,Playback101,Playback,
MNQ JUN26,Buy,1,25294.25,4/13/2026 9:35:50 AM,3cc8eaf5597e46e38876a90294828476,Entry,1 L,b390dbe09f9640f7aca1d67db428384a,ABSORPTION_153054,$0.00,1,Playback101,Playback,
MNQ JUN26,Sell,1,25289.75,4/13/2026 9:30:41 AM,60ec51c72eed482497ec475bf970895f,Exit,-,b4d38ae012124f06b1090fc11b2ab0d3,Stop loss,$0.00,1,Playback101,Playback,
MNQ JUN26,Buy,1,25294.75,4/13/2026 9:30:09 AM,d1b49ee2f0cc48d4a0301273bb763b41,Entry,1 L,d8ea1d81e8884a8d98ebf28b30348b11,ABSORPTION_153051,$0.00,1,Playback101,Playback,
MNQ JUN26,Buy,1,25287.50,4/13/2026 9:24:34 AM,ccc86dd1d3ac4462b4c782358add8cce,Exit,-,d872f6f667864ea6b4077c7714ddce25,Stop loss,$0.00,1,Playback101,Playback,
MNQ JUN26,Sell,1,25282.50,4/13/2026 9:24:24 AM,531f37fc9f3f49a3ac1ccf4f38c72055,Entry,1 S,171d6a9b6a684d8981353b995c7cadf1,ABSORPTION_153048,$0.00,1,Playback101,Playback,
MNQ JUN26,Buy,1,25268.75,4/13/2026 9:16:05 AM,dc02864fc083461fa0410df1832e8a14,Exit,-,112de9e707644bd3abe08fe2da9ccbdd,Stop loss,$0.00,1,Playback101,Playback,
MNQ JUN26,Sell,1,25263.75,4/13/2026 9:16:02 AM,ae6cd7ba896346f1bc34ec91e7536106,Entry,1 S,4d1c35c2520e4919a3b0f40208c3075f,ABSORPTION_153043,$0.00,1,Playback101,Playback,
MNQ JUN26,Sell,1,25310.75,4/13/2026 9:05:09 AM,33fcdbfb8f11480888dcdd10c8e58707,Exit,-,077c3dc1f8c544709916aabc95afcf43,Stop loss,$0.00,1,Playback101,Playback,
MNQ JUN26,Buy,1,25315.75,4/13/2026 9:05:08 AM,69a2533f57e44c5e97cf492543029c16,Entry,1 L,18489f79d6c04855817f7576ff66d326,ABSORPTION_153036,$0.00,1,Playback101,Playback,
MNQ JUN26,Sell,1,25268.75,4/13/2026 8:54:59 AM,d7200bd9ef48431696083dba9eb2f10e,Exit,-,c1ec6cd23e184c648d34d1a20783de55,Profit target,$0.00,1,Playback101,Playback,
MNQ JUN26,Buy,1,25260.75,4/13/2026 8:54:53 AM,71d81b0dd10f4a05a23fca6f373803e8,Entry,1 L,e35c7c29e91545898fcfa678d83b3805,ABSORPTION_153029,$0.00,1,Playback101,Playback,
MNQ JUN26,Sell,1,25191.00,4/13/2026 8:41:02 AM,47f792decc4649bfa0187f1660219010,Exit,-,7ca446445fd5443595965b8550bc0568,Stop loss,$0.00,1,Playback101,Playback,
MNQ JUN26,Buy,1,25196.00,4/13/2026 8:40:57 AM,083c2897508e48a4978ba231aca3dc3d,Entry,1 L,e3926129388a4724bd638fcc1cc2c89f,ABSORPTION_153017,$0.00,1,Playback101,Playback,
MNQ JUN26,Sell,1,25217.25,4/13/2026 8:29:47 AM,ca3d1addbccf4bc5ac7db011abbbbe6d,Exit,-,9caffbf911124cc088e1893714afb57b,Profit target,$0.00,1,Playback101,Playback,
MNQ JUN26,Buy,1,25209.25,4/13/2026 8:29:21 AM,163245c0f9a14eadae9b4d1de28b6ab2,Entry,1 L,3bac0dc5415d454c99c21188e09e88cb,ABSORPTION_153007,$0.00,1,Playback101,Playback,
