param_name,trigger_model,trade_side,setup_family,wall_side,delta_flip_pattern,orb_position,time_bucket,atr_regime,session_extreme_location,trades,win_rate,gross_expectancy_ticks,net_expectancy_ticks,avg_hold_seconds,avg_mfe_ticks,avg_mae_ticks,stops,vwap_targets,orb_targets,opposite_exits,timeouts
S20_ORB_ONLY_BE16p2_T10m,CONFIRM_6T_PULLBACK,SHORT,REJECTION,ASK,CONTINUED_SELL,BELOW_OR_LOW,PM_DRIFT,NORMAL_VOL,MID_SESSION_RANGE,195,0.15897435897435896,6.656410256410257,1.2564102564102562,151.46997125641025,37.84102564102564,11.338461538461539,164,0,0,0,31
S24_NO_TARGET_OPP_BE20p4_T15m,CONFIRM_6T_PULLBACK,LONG,REJECTION,BID,SELL_TO_BUY_FLIP,BELOW_OR_LOW,CLOSE,NORMAL_VOL,MID_SESSION_RANGE,173,0.3583815028901734,4.69364161849711,-0.7063583815028907,6.285878375722544,9.780346820809248,3.6416184971098264,6,0,0,167,0
S24_NO_TARGET_OPP_BE20p4_T15m,CONFIRM_6T_PULLBACK,LONG,BREAK,ASK,SELL_TO_BUY_FLIP,BELOW_OR_LOW,CLOSE,NORMAL_VOL,MID_SESSION_RANGE,122,0.29508196721311475,4.557377049180328,-0.8426229508196725,7.473612114754098,9.614754098360656,4.368852459016393,5,0,0,117,0
S20_VWAP_ORB_OPP_BE16p2_T10m,CONFIRM_6T_PULLBACK,LONG,REJECTION,BID,SELL_TO_BUY_FLIP,BELOW_OR_LOW,CLOSE,NORMAL_VOL,MID_SESSION_RANGE,173,0.35260115606936415,4.531791907514451,-0.8682080924855495,6.2334373583815035,9.757225433526012,3.601156069364162,7,0,0,166,0
S24_NO_TARGET_OPP_BE20p4_T15m,CONFIRM_8T_PULLBACK,LONG,REJECTION,BID,SELL_TO_BUY_FLIP,BELOW_OR_LOW,CLOSE,NORMAL_VOL,MID_SESSION_RANGE,171,0.3157894736842105,4.47953216374269,-0.9204678362573104,5.724230608187135,9.391812865497077,4.029239766081871,6,0,0,165,0
S24_NO_TARGET_OPP_BE20p4_T15m,CONFIRM_6T_PULLBACK,SHORT,REJECTION,ASK,BUY_TO_SELL_FLIP,BELOW_OR_LOW,CLOSE,NORMAL_VOL,MID_SESSION_RANGE,166,0.39759036144578314,4.4397590361445785,-0.9602409638554219,6.695275180722892,8.96987951807229,3.7590361445783134,0,0,0,166,0
S20_VWAP_ORB_OPP_BE16p2_T10m,CONFIRM_8T_PULLBACK,LONG,REJECTION,BID,SELL_TO_BUY_FLIP,BELOW_OR_LOW,CLOSE,NORMAL_VOL,MID_SESSION_RANGE,171,0.3157894736842105,4.409356725146199,-0.9906432748538017,5.724701058479533,9.391812865497077,4.029239766081871,6,0,0,165,0
S20_VWAP_ORB_OPP_BE16p2_T10m,CONFIRM_6T_PULLBACK,LONG,BREAK,ASK,SELL_TO_BUY_FLIP,BELOW_OR_LOW,CLOSE,NORMAL_VOL,MID_SESSION_RANGE,122,0.28688524590163933,4.344262295081967,-1.0557377049180334,7.398686631147541,9.581967213114755,4.311475409836065,6,0,0,116,0
S24_NO_TARGET_OPP_BE20p4_T15m,CONFIRM_6T_PULLBACK,SHORT,REJECTION,ASK,CONTINUED_SELL,BELOW_OR_LOW,PM_DRIFT,NORMAL_VOL,MID_SESSION_RANGE,195,0.27692307692307694,4.2,-1.2000000000000002,10.480180646153846,10.543589743589743,3.825641025641026,9,0,0,186,0
S24_NO_TARGET_OPP_BE20p4_T15m,CONFIRM_6T_PULLBACK,LONG,REJECTION,BID,CONTINUED_BUY,BELOW_OR_LOW,CLOSE,NORMAL_VOL,MID_SESSION_RANGE,251,0.2589641434262948,3.9282868525896415,-1.4717131474103589,5.549460199203187,8.047808764940239,3.1115537848605577,1,0,0,250,0
S20_VWAP_ORB_OPP_BE16p2_T10m,CONFIRM_6T_PULLBACK,LONG,REJECTION,BID,CONTINUED_BUY,BELOW_OR_LOW,CLOSE,NORMAL_VOL,MID_SESSION_RANGE,251,0.250996015936255,3.896414342629482,-1.5035856573705182,5.524965864541833,8.047808764940239,3.047808764940239,5,0,0,246,0
S20_VWAP_ORB_OPP_BE16p2_T10m,CONFIRM_6T_PULLBACK,LONG,REJECTION,BID,CONTINUED_BUY,BELOW_OR_LOW,PM_DRIFT,NORMAL_VOL,MID_SESSION_RANGE,200,0.27,3.88,-1.5200000000000002,8.63721331,8.095,3.615,0,0,0,200,0
S24_NO_TARGET_OPP_BE20p4_T15m,CONFIRM_6T_PULLBACK,LONG,REJECTION,BID,CONTINUED_BUY,BELOW_OR_LOW,PM_DRIFT,NORMAL_VOL,MID_SESSION_RANGE,200,0.27,3.88,-1.5200000000000002,8.63721331,8.095,3.615,0,0,0,200,0
S16_VWAP_ORB_OPP_BE12p1_T10m,CONFIRM_6T_PULLBACK,LONG,REJECTION,BID,CONTINUED_BUY,BELOW_OR_LOW,CLOSE,NORMAL_VOL,MID_SESSION_RANGE,251,0.250996015936255,3.800796812749004,-1.5992031872509964,5.470961717131474,8.03187250996016,3.0278884462151394,7,0,0,244,0
S20_ORB_ONLY_BE16p2_T10m,CONFIRM_8T_PULLBACK,SHORT,REJECTION,ASK,CONTINUED_SELL,BELOW_OR_LOW,PM_DRIFT,NORMAL_VOL,MID_SESSION_RANGE,189,0.13227513227513227,3.7195767195767195,-1.6804232804232806,139.43125883068782,35.074074074074076,12.698412698412698,164,0,0,0,25
S16_VWAP_ORB_OPP_BE12p1_T10m,CONFIRM_6T_PULLBACK,LONG,REJECTION,BID,CONTINUED_BUY,BELOW_OR_LOW,PM_DRIFT,NORMAL_VOL,MID_SESSION_RANGE,200,0.255,3.39,-2.0100000000000002,7.96114476,7.79,3.535,11,0,0,189,0
S24_VWAP_ORB_NOOPP_BE20p4_T15m,CONFIRM_6T_PULLBACK,LONG,BREAK,ASK,SELL_TO_BUY_FLIP,BELOW_OR_LOW,CLOSE,NORMAL_VOL,MID_SESSION_RANGE,122,0.11475409836065574,3.3524590163934427,-2.0475409836065577,216.79347398360656,37.28688524590164,13.59016393442623,108,0,0,0,14
S24_NO_TARGET_OPP_BE20p4_T15m,CONFIRM_8T_PULLBACK,SHORT,REJECTION,ASK,BUY_TO_SELL_FLIP,BELOW_OR_LOW,CLOSE,NORMAL_VOL,MID_SESSION_RANGE,165,0.34545454545454546,3.296969696969697,-2.1030303030303035,6.187248842424243,8.472727272727273,4.242424242424242,3,0,0,162,0
S16_VWAP_ORB_OPP_BE12p1_T10m,CONFIRM_6T_PULLBACK,LONG,REJECTION,BID,SELL_TO_BUY_FLIP,BELOW_OR_LOW,CLOSE,NORMAL_VOL,MID_SESSION_RANGE,173,0.3179190751445087,3.2890173410404624,-2.110982658959538,5.618330572254335,8.947976878612717,3.3179190751445087,14,0,0,159,0
S24_NO_TARGET_OPP_BE20p4_T15m,CONFIRM_6T_PULLBACK,SHORT,BREAK,BID,CONTINUED_SELL,BELOW_OR_LOW,PM_DRIFT,NORMAL_VOL,MID_SESSION_RANGE,200,0.255,3.275,-2.1250000000000004,9.431638805,9.405,4.22,11,0,0,189,0
S24_NO_TARGET_OPP_BE20p4_T15m,CONFIRM_6T_PULLBACK,LONG,BREAK,ASK,CONTINUED_BUY,BELOW_OR_LOW,CLOSE,NORMAL_VOL,MID_SESSION_RANGE,197,0.24873096446700507,3.1928934010152283,-2.207106598984772,5.355091827411167,7.279187817258883,3.517766497461929,1,0,0,196,0
S20_VWAP_ORB_OPP_BE16p2_T10m,CONFIRM_6T_PULLBACK,LONG,BREAK,ASK,CONTINUED_BUY,BELOW_OR_LOW,CLOSE,NORMAL_VOL,MID_SESSION_RANGE,197,0.24873096446700507,3.182741116751269,-2.217258883248731,5.355122456852792,7.279187817258883,3.517766497461929,1,0,0,196,0
S16_VWAP_ORB_OPP_BE12p1_T10m,CONFIRM_6T_PULLBACK,LONG,BREAK,ASK,CONTINUED_BUY,BELOW_OR_LOW,CLOSE,NORMAL_VOL,MID_SESSION_RANGE,197,0.2436548223350254,3.1269035532994924,-2.273096446700508,5.298375020304568,7.238578680203045,3.517766497461929,2,0,0,195,0
S16_VWAP_ORB_OPP_BE12p1_T10m,CONFIRM_6T_PULLBACK,LONG,BREAK,ASK,SELL_TO_BUY_FLIP,BELOW_OR_LOW,CLOSE,NORMAL_VOL,MID_SESSION_RANGE,122,0.2540983606557377,3.0901639344262297,-2.309836065573771,6.769895442622951,8.975409836065573,4.090163934426229,15,0,0,107,0
S20_VWAP_ORB_OPP_BE16p2_T10m,CONFIRM_6T_PULLBACK,LONG,BREAK,ASK,CONTINUED_BUY,BELOW_OR_LOW,PM_DRIFT,NORMAL_VOL,MID_SESSION_RANGE,204,0.25980392156862747,3.0588235294117645,-2.3411764705882354,7.901365181372548,7.328431372549019,4.117647058823529,0,0,0,204,0
S24_NO_TARGET_OPP_BE20p4_T15m,CONFIRM_6T_PULLBACK,LONG,BREAK,ASK,CONTINUED_BUY,BELOW_OR_LOW,PM_DRIFT,NORMAL_VOL,MID_SESSION_RANGE,204,0.25980392156862747,3.0588235294117645,-2.3411764705882354,7.901365181372548,7.328431372549019,4.117647058823529,0,0,0,204,0
S16_VWAP_ORB_OPP_BE12p1_T10m,CONFIRM_8T_PULLBACK,LONG,REJECTION,BID,SELL_TO_BUY_FLIP,BELOW_OR_LOW,CLOSE,NORMAL_VOL,MID_SESSION_RANGE,171,0.27485380116959063,2.9766081871345027,-2.4233918128654977,5.027221432748538,8.549707602339181,3.736842105263158,15,0,0,156,0
S20_VWAP_ORB_OPP_BE16p2_T10m,CONFIRM_8T_PULLBACK,LONG,REJECTION,BID,CONTINUED_BUY,BELOW_OR_LOW,PM_DRIFT,NORMAL_VOL,MID_SESSION_RANGE,197,0.2182741116751269,2.9746192893401013,-2.4253807106598986,7.977652167512691,7.1725888324873095,3.746192893401015,1,0,0,196,0
S24_NO_TARGET_OPP_BE20p4_T15m,CONFIRM_8T_PULLBACK,LONG,REJECTION,BID,CONTINUED_BUY,BELOW_OR_LOW,PM_DRIFT,NORMAL_VOL,MID_SESSION_RANGE,197,0.2182741116751269,2.954314720812183,-2.4456852791878174,7.977652167512691,7.1725888324873095,3.761421319796954,1,0,0,196,0
S16_VWAP_ORB_OPP_BE12p1_T10m,CONFIRM_6T_PULLBACK,LONG,BREAK,ASK,CONTINUED_BUY,BELOW_OR_LOW,PM_DRIFT,NORMAL_VOL,MID_SESSION_RANGE,204,0.2549019607843137,2.9019607843137254,-2.4980392156862745,7.609355485294118,7.269607843137255,4.073529411764706,7,0,0,197,0
S16_VWAP_ORB_OPP_BE12p1_T10m,CONFIRM_8T_PULLBACK,LONG,REJECTION,BID,CONTINUED_BUY,BELOW_OR_LOW,PM_DRIFT,NORMAL_VOL,MID_SESSION_RANGE,197,0.2131979695431472,2.8274111675126905,-2.57258883248731,7.449606705583757,7.040609137055838,3.6903553299492384,7,0,0,190,0
S20_ORB_ONLY_BE16p2_T10m,CONFIRM_8T_PULLBACK,LONG,REJECTION,BID,SELL_TO_BUY_FLIP,BELOW_OR_LOW,CLOSE,NORMAL_VOL,MID_SESSION_RANGE,171,0.16374269005847952,2.6666666666666665,-2.7333333333333334,152.7779503859649,32.54970760233918,12.801169590643275,143,0,0,0,28
S20_VWAP_ONLY_BE16p2_T10m,CONFIRM_8T_PULLBACK,LONG,REJECTION,BID,SELL_TO_BUY_FLIP,BELOW_OR_LOW,CLOSE,NORMAL_VOL,MID_SESSION_RANGE,171,0.16374269005847952,2.6666666666666665,-2.7333333333333334,152.7779503859649,32.54970760233918,12.801169590643275,143,0,0,0,28
S24_VWAP_ORB_NOOPP_BE20p4_T15m,CONFIRM_6T_PULLBACK,LONG,REJECTION,BID,SELL_TO_BUY_FLIP,BELOW_OR_LOW,CLOSE,NORMAL_VOL,MID_SESSION_RANGE,173,0.12138728323699421,2.61271676300578,-2.7872832369942198,224.2859732485549,39.01156069364162,14.578034682080926,152,0,0,0,21
S20_VWAP_ORB_OPP_BE16p2_T10m,CONFIRM_8T_PULLBACK,LONG,REJECTION,BID,CONTINUED_BUY,BELOW_OR_LOW,CLOSE,NORMAL_VOL,MID_SESSION_RANGE,241,0.21161825726141079,2.5684647302904566,-2.831535269709544,5.16850253526971,7.265560165975104,3.4315352697095434,9,0,0,232,0
S16_VWAP_ORB_OPP_BE12p1_T10m,CONFIRM_8T_PULLBACK,LONG,REJECTION,BID,CONTINUED_BUY,BELOW_OR_LOW,CLOSE,NORMAL_VOL,MID_SESSION_RANGE,241,0.2074688796680498,2.5269709543568464,-2.873029045643154,5.104802236514523,7.232365145228216,3.4024896265560165,11,0,0,230,0
S24_NO_TARGET_OPP_BE20p4_T15m,CONFIRM_8T_PULLBACK,LONG,REJECTION,BID,CONTINUED_BUY,BELOW_OR_LOW,CLOSE,NORMAL_VOL,MID_SESSION_RANGE,241,0.2157676348547718,2.5228215767634854,-2.877178423236515,5.263016522821577,7.265560165975104,3.6431535269709543,3,0,0,238,0
S24_VWAP_ORB_NOOPP_BE20p4_T15m,CONFIRM_8T_PULLBACK,LONG,REJECTION,BID,SELL_TO_BUY_FLIP,BELOW_OR_LOW,CLOSE,NORMAL_VOL,MID_SESSION_RANGE,171,0.12280701754385964,2.508771929824561,-2.8912280701754387,223.44587315789474,37.90643274853801,14.90643274853801,150,0,0,0,21
S20_VWAP_ORB_OPP_BE16p2_T10m,CONFIRM_8T_PULLBACK,LONG,BREAK,ASK,CONTINUED_BUY,BELOW_OR_LOW,PM_DRIFT,NORMAL_VOL,MID_SESSION_RANGE,201,0.23880597014925373,2.5024875621890548,-2.8975124378109456,7.407326691542289,7.159203980099503,4.199004975124378,0,0,0,201,0
S24_NO_TARGET_OPP_BE20p4_T15m,CONFIRM_8T_PULLBACK,LONG,BREAK,ASK,CONTINUED_BUY,BELOW_OR_LOW,PM_DRIFT,NORMAL_VOL,MID_SESSION_RANGE,201,0.23880597014925373,2.5024875621890548,-2.8975124378109456,7.407326691542289,7.159203980099503,4.199004975124378,0,0,0,201,0
S24_NO_TARGET_OPP_BE20p4_T15m,CONFIRM_8T_PULLBACK,SHORT,REJECTION,ASK,CONTINUED_SELL,BELOW_OR_LOW,PM_DRIFT,NORMAL_VOL,MID_SESSION_RANGE,189,0.21164021164021163,2.4603174603174605,-2.93968253968254,8.874401936507937,8.798941798941799,3.925925925925926,8,0,0,181,0
S24_NO_TARGET_OPP_BE20p4_T15m,CONFIRM_8T_PULLBACK,SHORT,BREAK,BID,CONTINUED_SELL,BELOW_OR_LOW,PM_DRIFT,NORMAL_VOL,MID_SESSION_RANGE,191,0.20418848167539266,2.4345549738219896,-2.9654450261780103,9.309052371727748,8.984293193717278,4.528795811518324,11,0,0,180,0
S20_ORB_ONLY_BE16p2_T10m,CONFIRM_6T_PULLBACK,LONG,REJECTION,BID,SELL_TO_BUY_FLIP,BELOW_OR_LOW,CLOSE,NORMAL_VOL,MID_SESSION_RANGE,173,0.15606936416184972,2.433526011560694,-2.9664739884393065,148.55853052601157,33.16184971098266,12.028901734104046,146,0,0,0,27
S20_VWAP_ONLY_BE16p2_T10m,CONFIRM_6T_PULLBACK,LONG,REJECTION,BID,SELL_TO_BUY_FLIP,BELOW_OR_LOW,CLOSE,NORMAL_VOL,MID_SESSION_RANGE,173,0.15606936416184972,2.433526011560694,-2.9664739884393065,148.55853052601157,33.16184971098266,12.028901734104046,146,0,0,0,27
S16_VWAP_ORB_OPP_BE12p1_T10m,CONFIRM_8T_PULLBACK,LONG,BREAK,ASK,CONTINUED_BUY,BELOW_OR_LOW,PM_DRIFT,NORMAL_VOL,MID_SESSION_RANGE,201,0.23383084577114427,2.4129353233830844,-2.987064676616916,7.247776895522388,7.039800995024875,4.099502487562189,6,0,0,195,0
S24_NO_TARGET_OPP_BE20p4_T15m,CONFIRM_8T_PULLBACK,LONG,BREAK,ASK,SELL_TO_BUY_FLIP,BELOW_OR_LOW,CLOSE,NORMAL_VOL,MID_SESSION_RANGE,112,0.20535714285714285,2.4107142857142856,-2.9892857142857148,6.504965901785715,7.928571428571429,4.910714285714286,5,0,0,107,0
S20_VWAP_ORB_OPP_BE16p2_T10m,CONFIRM_8T_PULLBACK,LONG,BREAK,ASK,CONTINUED_BUY,BELOW_OR_LOW,CLOSE,NORMAL_VOL,MID_SESSION_RANGE,194,0.22164948453608246,2.3556701030927836,-3.044329896907217,5.329738943298969,7.211340206185567,4.082474226804123,5,0,0,189,0
S16_VWAP_ORB_OPP_BE12p1_T10m,CONFIRM_8T_PULLBACK,LONG,BREAK,ASK,CONTINUED_BUY,BELOW_OR_LOW,CLOSE,NORMAL_VOL,MID_SESSION_RANGE,194,0.21649484536082475,2.3350515463917527,-3.0649484536082476,5.271456072164948,7.170103092783505,4.041237113402062,6,0,0,188,0
S20_VWAP_ORB_OPP_BE16p2_T10m,CONFIRM_8T_PULLBACK,LONG,BREAK,ASK,SELL_TO_BUY_FLIP,BELOW_OR_LOW,CLOSE,NORMAL_VOL,MID_SESSION_RANGE,112,0.20535714285714285,2.3214285714285716,-3.078571428571429,6.505029723214286,7.928571428571429,4.910714285714286,5,0,0,107,0
S24_NO_TARGET_OPP_BE20p4_T15m,CONFIRM_8T_PULLBACK,LONG,BREAK,ASK,CONTINUED_BUY,BELOW_OR_LOW,CLOSE,NORMAL_VOL,MID_SESSION_RANGE,194,0.21649484536082475,2.252577319587629,-3.147422680412371,5.411123195876289,7.211340206185567,4.252577319587629,4,0,0,190,0
S20_ORB_ONLY_BE16p2_T10m,CONFIRM_6T_PULLBACK,SHORT,BREAK,BID,CONTINUED_SELL,BELOW_OR_LOW,PM_DRIFT,NORMAL_VOL,MID_SESSION_RANGE,200,0.11,2.15,-3.25,130.15096771,32.86,12.495,178,0,0,0,22
S24_NO_TARGET_OPP_BE20p4_T15m,CONFIRM_6T_PULLBACK,SHORT,BREAK,BID,BUY_TO_SELL_FLIP,BELOW_OR_LOW,CLOSE,NORMAL_VOL,MID_SESSION_RANGE,138,0.2898550724637681,2.101449275362319,-3.2985507246376815,5.734210572463768,7.0144927536231885,5.028985507246377,2,0,0,136,0
S24_NO_TARGET_OPP_BE20p4_T15m,CONFIRM_6T_PULLBACK,LONG,REJECTION,BID,SELL_TO_BUY_FLIP,BELOW_OR_LOW,PM_DRIFT,NORMAL_VOL,MID_SESSION_RANGE,145,0.2206896551724138,1.6827586206896552,-3.717241379310345,6.510516124137931,6.296551724137931,3.5310344827586206,0,0,0,145,0
S20_VWAP_ORB_OPP_BE16p2_T10m,CONFIRM_6T_PULLBACK,LONG,REJECTION,BID,SELL_TO_BUY_FLIP,BELOW_OR_LOW,PM_DRIFT,NORMAL_VOL,MID_SESSION_RANGE,145,0.2206896551724138,1.6689655172413793,-3.731034482758621,6.490598441379311,6.296551724137931,3.510344827586207,1,0,0,144,0
S16_VWAP_ORB_OPP_BE12p1_T10m,CONFIRM_6T_PULLBACK,LONG,REJECTION,BID,SELL_TO_BUY_FLIP,BELOW_OR_LOW,PM_DRIFT,NORMAL_VOL,MID_SESSION_RANGE,145,0.2206896551724138,1.6620689655172414,-3.7379310344827585,6.490598441379311,6.296551724137931,3.510344827586207,1,0,0,144,0
S20_VWAP_ORB_OPP_BE16p2_T10m,CONFIRM_6T_PULLBACK,LONG,BREAK,ASK,SELL_TO_BUY_FLIP,BELOW_OR_LOW,PM_DRIFT,NORMAL_VOL,MID_SESSION_RANGE,143,0.23076923076923078,1.6503496503496504,-3.74965034965035,6.925372986013986,6.65034965034965,4.013986013986014,0,0,0,143,0
S24_NO_TARGET_OPP_BE20p4_T15m,CONFIRM_6T_PULLBACK,LONG,BREAK,ASK,SELL_TO_BUY_FLIP,BELOW_OR_LOW,PM_DRIFT,NORMAL_VOL,MID_SESSION_RANGE,143,0.23076923076923078,1.6503496503496504,-3.74965034965035,6.925372986013986,6.65034965034965,4.013986013986014,0,0,0,143,0
S16_VWAP_ORB_OPP_BE12p1_T10m,CONFIRM_6T_PULLBACK,LONG,BREAK,ASK,SELL_TO_BUY_FLIP,BELOW_OR_LOW,PM_DRIFT,NORMAL_VOL,MID_SESSION_RANGE,143,0.23076923076923078,1.6223776223776223,-3.777622377622378,6.864077874125874,6.65034965034965,3.944055944055944,5,0,0,138,0
S20_ORB_ONLY_BE16p2_T10m,CONFIRM_6T_PULLBACK,SHORT,REJECTION,ASK,BUY_TO_SELL_FLIP,BELOW_OR_LOW,PM_DRIFT,NORMAL_VOL,MID_SESSION_RANGE,156,0.12179487179487179,1.5705128205128205,-3.829487179487179,133.9500333525641,32.94230769230769,13.435897435897436,137,0,0,0,19
S24_NO_TARGET_OPP_BE20p4_T15m,CONFIRM_8T_PULLBACK,SHORT,BREAK,BID,BUY_TO_SELL_FLIP,BELOW_OR_LOW,CLOSE,NORMAL_VOL,MID_SESSION_RANGE,136,0.23529411764705882,1.5294117647058822,-3.8705882352941177,5.9569141911764705,7.397058823529412,5.963235294117647,6,0,0,130,0
S20_VWAP_ORB_OPP_BE16p2_T10m,CONFIRM_8T_PULLBACK,LONG,REJECTION,BID,SELL_TO_BUY_FLIP,BELOW_OR_LOW,PM_DRIFT,NORMAL_VOL,MID_SESSION_RANGE,140,0.24285714285714285,1.5071428571428571,-3.892857142857143,6.583850207142857,6.607142857142857,3.907142857142857,0,0,0,140,0
S24_NO_TARGET_OPP_BE20p4_T15m,CONFIRM_8T_PULLBACK,LONG,REJECTION,BID,SELL_TO_BUY_FLIP,BELOW_OR_LOW,PM_DRIFT,NORMAL_VOL,MID_SESSION_RANGE,140,0.24285714285714285,1.5071428571428571,-3.892857142857143,6.583850207142857,6.607142857142857,3.907142857142857,0,0,0,140,0
S16_VWAP_ORB_OPP_BE12p1_T10m,CONFIRM_8T_PULLBACK,LONG,REJECTION,BID,SELL_TO_BUY_FLIP,BELOW_OR_LOW,PM_DRIFT,NORMAL_VOL,MID_SESSION_RANGE,140,0.24285714285714285,1.4214285714285715,-3.9785714285714286,6.541967342857143,6.607142857142857,3.8785714285714286,4,0,0,136,0
S24_NO_TARGET_OPP_BE20p4_T15m,CONFIRM_6T_PULLBACK,SHORT,REJECTION,ASK,BUY_TO_SELL_FLIP,BELOW_OR_LOW,PM_DRIFT,NORMAL_VOL,MID_SESSION_RANGE,156,0.20512820512820512,1.2820512820512822,-4.117948717948718,5.50503757051282,6.3076923076923075,3.2948717948717947,1,0,0,155,0
S16_VWAP_ORB_OPP_BE12p1_T10m,CONFIRM_8T_PULLBACK,LONG,BREAK,ASK,SELL_TO_BUY_FLIP,BELOW_OR_LOW,CLOSE,NORMAL_VOL,MID_SESSION_RANGE,112,0.17857142857142858,1.2142857142857142,-4.185714285714286,5.871409508928571,7.303571428571429,4.642857142857143,13,0,0,99,0
S20_ORB_ONLY_BE16p2_T10m,CONFIRM_6T_PULLBACK,LONG,BREAK,ASK,SELL_TO_BUY_FLIP,BELOW_OR_LOW,CLOSE,NORMAL_VOL,MID_SESSION_RANGE,122,0.12295081967213115,0.9180327868852459,-4.481967213114753,128.0284809590164,29.42622950819672,11.065573770491802,107,0,0,0,15
S20_VWAP_ONLY_BE16p2_T10m,CONFIRM_6T_PULLBACK,LONG,BREAK,ASK,SELL_TO_BUY_FLIP,BELOW_OR_LOW,CLOSE,NORMAL_VOL,MID_SESSION_RANGE,122,0.12295081967213115,0.9180327868852459,-4.481967213114753,128.0284809590164,29.42622950819672,11.065573770491802,107,0,0,0,15
S20_ORB_ONLY_BE16p2_T10m,CONFIRM_6T_PULLBACK,SHORT,BREAK,BID,BUY_TO_SELL_FLIP,BELOW_OR_LOW,PM_DRIFT,NORMAL_VOL,MID_SESSION_RANGE,144,0.13194444444444445,0.7708333333333334,-4.629166666666666,134.09566144444443,29.96527777777778,13.791666666666666,125,0,0,0,19
S24_VWAP_ORB_NOOPP_BE20p4_T15m,CONFIRM_8T_PULLBACK,LONG,BREAK,ASK,SELL_TO_BUY_FLIP,BELOW_OR_LOW,CLOSE,NORMAL_VOL,MID_SESSION_RANGE,112,0.10714285714285714,0.7321428571428571,-4.667857142857143,195.91402361607143,33.455357142857146,15.223214285714286,100,0,0,0,12
S24_NO_TARGET_OPP_BE20p4_T15m,CONFIRM_6T_PULLBACK,SHORT,REJECTION,ASK,CONTINUED_SELL,BELOW_OR_LOW,CLOSE,NORMAL_VOL,MID_SESSION_RANGE,218,0.24770642201834864,0.7110091743119266,-4.688990825688074,6.387739376146789,6.481651376146789,5.284403669724771,5,0,0,213,0
S24_NO_TARGET_OPP_BE20p4_T15m,CONFIRM_8T_PULLBACK,SHORT,REJECTION,ASK,BUY_TO_SELL_FLIP,BELOW_OR_LOW,PM_DRIFT,NORMAL_VOL,MID_SESSION_RANGE,146,0.1232876712328767,0.5,-4.9,5.76078398630137,5.801369863013699,3.8972602739726026,3,0,0,143,0
S24_NO_TARGET_OPP_BE20p4_T15m,CONFIRM_8T_PULLBACK,SHORT,BREAK,BID,CONTINUED_SELL,BELOW_OR_LOW,CLOSE,NORMAL_VOL,MID_SESSION_RANGE,209,0.22009569377990432,0.44976076555023925,-4.950239234449762,6.712855,6.047846889952153,5.569377990430622,0,0,0,209,0
S24_NO_TARGET_OPP_BE20p4_T15m,CONFIRM_6T_PULLBACK,SHORT,BREAK,BID,BUY_TO_SELL_FLIP,BELOW_OR_LOW,PM_DRIFT,NORMAL_VOL,MID_SESSION_RANGE,144,0.1597222222222222,0.4375,-4.9625,5.315103305555556,5.527777777777778,3.986111111111111,1,0,0,143,0
S24_NO_TARGET_OPP_BE20p4_T15m,CONFIRM_8T_PULLBACK,LONG,BREAK,ASK,SELL_TO_BUY_FLIP,BELOW_OR_LOW,PM_DRIFT,NORMAL_VOL,MID_SESSION_RANGE,137,0.17518248175182483,0.4306569343065693,-4.969343065693431,7.1221961605839414,5.970802919708029,4.569343065693431,0,0,0,137,0
S20_VWAP_ORB_OPP_BE16p2_T10m,CONFIRM_8T_PULLBACK,LONG,BREAK,ASK,SELL_TO_BUY_FLIP,BELOW_OR_LOW,PM_DRIFT,NORMAL_VOL,MID_SESSION_RANGE,137,0.1678832116788321,0.39416058394160586,-5.005839416058395,7.102452839416058,5.970802919708029,4.569343065693431,1,0,0,136,0
S24_NO_TARGET_OPP_BE20p4_T15m,CONFIRM_6T_PULLBACK,SHORT,BREAK,BID,CONTINUED_SELL,BELOW_OR_LOW,CLOSE,NORMAL_VOL,MID_SESSION_RANGE,211,0.21800947867298578,0.35545023696682465,-5.044549763033176,6.702206412322275,6.1753554502369665,5.478672985781991,4,0,0,207,0
S16_VWAP_ORB_OPP_BE12p1_T10m,CONFIRM_8T_PULLBACK,LONG,BREAK,ASK,SELL_TO_BUY_FLIP,BELOW_OR_LOW,PM_DRIFT,NORMAL_VOL,MID_SESSION_RANGE,137,0.1678832116788321,0.2846715328467153,-5.115328467153285,7.048130233576642,5.970802919708029,4.525547445255475,8,0,0,129,0
S24_NO_TARGET_OPP_BE20p4_T15m,CONFIRM_8T_PULLBACK,SHORT,REJECTION,ASK,CONTINUED_SELL,BELOW_OR_LOW,CLOSE,NORMAL_VOL,MID_SESSION_RANGE,217,0.17511520737327188,-0.1336405529953917,-5.533640552995392,5.678526460829493,5.488479262672811,5.387096774193548,2,0,0,215,0
S20_ORB_ONLY_BE16p2_T10m,CONFIRM_8T_PULLBACK,SHORT,BREAK,BID,CONTINUED_SELL,BELOW_OR_LOW,PM_DRIFT,NORMAL_VOL,MID_SESSION_RANGE,191,0.08900523560209424,-0.24607329842931938,-5.64607329842932,115.17628809424083,29.638743455497384,13.272251308900524,174,0,0,0,17
S24_NO_TARGET_OPP_BE20p4_T15m,CONFIRM_8T_PULLBACK,SHORT,BREAK,BID,BUY_TO_SELL_FLIP,BELOW_OR_LOW,PM_DRIFT,NORMAL_VOL,MID_SESSION_RANGE,142,0.11267605633802817,-0.29577464788732394,-5.695774647887324,5.556394788732394,5.176056338028169,4.408450704225352,2,0,0,140,0
S24_VWAP_ORB_NOOPP_BE20p4_T15m,CONFIRM_6T_PULLBACK,LONG,REJECTION,BID,CONTINUED_BUY,BELOW_OR_LOW,CLOSE,NORMAL_VOL,MID_SESSION_RANGE,251,0.08366533864541832,-0.6215139442231076,-6.021513944223107,194.97908063745018,31.43426294820717,14.824701195219124,230,0,0,0,21
S20_ORB_ONLY_BE16p2_T10m,CONFIRM_8T_PULLBACK,SHORT,REJECTION,ASK,BUY_TO_SELL_FLIP,BELOW_OR_LOW,PM_DRIFT,NORMAL_VOL,MID_SESSION_RANGE,146,0.1095890410958904,-0.7945205479452054,-6.1945205479452055,118.43985363013698,28.78767123287671,14.479452054794521,130,0,0,0,16
S20_ORB_ONLY_BE16p2_T10m,CONFIRM_6T_PULLBACK,LONG,REJECTION,BID,CONTINUED_BUY,BELOW_OR_LOW,CLOSE,NORMAL_VOL,MID_SESSION_RANGE,251,0.10358565737051793,-1.7290836653386454,-7.129083665338645,127.02389607968128,25.593625498007967,12.290836653386455,225,0,0,0,26
S20_VWAP_ONLY_BE16p2_T10m,CONFIRM_6T_PULLBACK,LONG,REJECTION,BID,CONTINUED_BUY,BELOW_OR_LOW,CLOSE,NORMAL_VOL,MID_SESSION_RANGE,251,0.10358565737051793,-1.7290836653386454,-7.129083665338645,127.02389607968128,25.593625498007967,12.290836653386455,225,0,0,0,26
S24_VWAP_ORB_NOOPP_BE20p4_T15m,CONFIRM_8T_PULLBACK,LONG,REJECTION,BID,CONTINUED_BUY,BELOW_OR_LOW,CLOSE,NORMAL_VOL,MID_SESSION_RANGE,241,0.07053941908713693,-1.7966804979253113,-7.1966804979253105,178.17493463900414,29.390041493775932,15.464730290456432,224,0,0,0,17
S20_ORB_ONLY_BE16p2_T10m,CONFIRM_8T_PULLBACK,SHORT,BREAK,BID,BUY_TO_SELL_FLIP,BELOW_OR_LOW,PM_DRIFT,NORMAL_VOL,MID_SESSION_RANGE,142,0.1056338028169014,-1.9929577464788732,-7.3929577464788725,122.94342093661972,26.690140845070424,14.17605633802817,127,0,0,0,15
S20_ORB_ONLY_BE16p2_T10m,CONFIRM_8T_PULLBACK,LONG,REJECTION,BID,CONTINUED_BUY,BELOW_OR_LOW,CLOSE,NORMAL_VOL,MID_SESSION_RANGE,241,0.11203319502074689,-2.136929460580913,-7.536929460580913,127.19086450207469,24.726141078838175,12.846473029045644,214,0,0,0,27
S20_VWAP_ONLY_BE16p2_T10m,CONFIRM_8T_PULLBACK,LONG,REJECTION,BID,CONTINUED_BUY,BELOW_OR_LOW,CLOSE,NORMAL_VOL,MID_SESSION_RANGE,241,0.11203319502074689,-2.136929460580913,-7.536929460580913,127.19086450207469,24.726141078838175,12.846473029045644,214,0,0,0,27
S24_VWAP_ORB_NOOPP_BE20p4_T15m,CONFIRM_6T_PULLBACK,LONG,BREAK,ASK,CONTINUED_BUY,BELOW_OR_LOW,CLOSE,NORMAL_VOL,MID_SESSION_RANGE,197,0.06598984771573604,-2.2233502538071064,-7.623350253807106,184.4467628832487,29.18274111675127,15.847715736040609,184,0,0,0,13
S24_VWAP_ORB_NOOPP_BE20p4_T15m,CONFIRM_8T_PULLBACK,LONG,BREAK,ASK,CONTINUED_BUY,BELOW_OR_LOW,CLOSE,NORMAL_VOL,MID_SESSION_RANGE,194,0.061855670103092786,-3.0876288659793816,-8.487628865979381,180.6151684690722,28.087628865979383,16.314432989690722,182,0,0,0,12
S20_ORB_ONLY_BE16p2_T10m,CONFIRM_6T_PULLBACK,LONG,BREAK,ASK,CONTINUED_BUY,BELOW_OR_LOW,CLOSE,NORMAL_VOL,MID_SESSION_RANGE,197,0.1065989847715736,-3.2893401015228427,-8.689340101522843,133.12551790355332,24.624365482233504,13.258883248730964,176,0,0,0,21
S20_VWAP_ONLY_BE16p2_T10m,CONFIRM_6T_PULLBACK,LONG,BREAK,ASK,CONTINUED_BUY,BELOW_OR_LOW,CLOSE,NORMAL_VOL,MID_SESSION_RANGE,197,0.1065989847715736,-3.2893401015228427,-8.689340101522843,133.12551790355332,24.624365482233504,13.258883248730964,176,0,0,0,21
S20_ORB_ONLY_BE16p2_T10m,CONFIRM_8T_PULLBACK,LONG,BREAK,ASK,SELL_TO_BUY_FLIP,BELOW_OR_LOW,CLOSE,NORMAL_VOL,MID_SESSION_RANGE,112,0.08035714285714286,-3.4910714285714284,-8.891071428571427,99.34392980357143,23.830357142857142,12.669642857142858,103,0,0,0,9
S20_VWAP_ONLY_BE16p2_T10m,CONFIRM_8T_PULLBACK,LONG,BREAK,ASK,SELL_TO_BUY_FLIP,BELOW_OR_LOW,CLOSE,NORMAL_VOL,MID_SESSION_RANGE,112,0.08035714285714286,-3.4910714285714284,-8.891071428571427,99.34392980357143,23.830357142857142,12.669642857142858,103,0,0,0,9
S20_ORB_ONLY_BE16p2_T10m,CONFIRM_8T_PULLBACK,LONG,BREAK,ASK,CONTINUED_BUY,BELOW_OR_LOW,CLOSE,NORMAL_VOL,MID_SESSION_RANGE,194,0.10309278350515463,-3.515463917525773,-8.915463917525773,127.54508625257732,23.38659793814433,13.38659793814433,174,0,0,0,20
S20_VWAP_ONLY_BE16p2_T10m,CONFIRM_8T_PULLBACK,LONG,BREAK,ASK,CONTINUED_BUY,BELOW_OR_LOW,CLOSE,NORMAL_VOL,MID_SESSION_RANGE,194,0.10309278350515463,-3.515463917525773,-8.915463917525773,127.54508625257732,23.38659793814433,13.38659793814433,174,0,0,0,20
S20_ORB_ONLY_BE16p2_T10m,CONFIRM_8T_PULLBACK,LONG,REJECTION,BID,CONTINUED_BUY,BELOW_OR_LOW,PM_DRIFT,NORMAL_VOL,MID_SESSION_RANGE,197,0.04060913705583756,-8.116751269035532,-13.516751269035531,102.13055746700508,21.619289340101524,13.918781725888325,189,0,0,0,8
S20_VWAP_ONLY_BE16p2_T10m,CONFIRM_8T_PULLBACK,LONG,REJECTION,BID,CONTINUED_BUY,BELOW_OR_LOW,PM_DRIFT,NORMAL_VOL,MID_SESSION_RANGE,197,0.04060913705583756,-8.116751269035532,-13.516751269035531,102.13055746700508,21.619289340101524,13.918781725888325,189,0,0,0,8
S20_ORB_ONLY_BE16p2_T10m,CONFIRM_6T_PULLBACK,LONG,REJECTION,BID,SELL_TO_BUY_FLIP,BELOW_OR_LOW,PM_DRIFT,NORMAL_VOL,MID_SESSION_RANGE,145,0.041379310344827586,-8.227586206896552,-13.627586206896552,93.32027403448276,21.310344827586206,13.875862068965517,139,0,0,0,6
S20_VWAP_ONLY_BE16p2_T10m,CONFIRM_6T_PULLBACK,LONG,REJECTION,BID,SELL_TO_BUY_FLIP,BELOW_OR_LOW,PM_DRIFT,NORMAL_VOL,MID_SESSION_RANGE,145,0.041379310344827586,-8.227586206896552,-13.627586206896552,93.32027403448276,21.310344827586206,13.875862068965517,139,0,0,0,6
S20_ORB_ONLY_BE16p2_T10m,CONFIRM_6T_PULLBACK,LONG,REJECTION,BID,CONTINUED_BUY,BELOW_OR_LOW,PM_DRIFT,NORMAL_VOL,MID_SESSION_RANGE,200,0.025,-8.395,-13.795,97.38351676,22.435,13.255,195,0,0,0,5
S20_VWAP_ONLY_BE16p2_T10m,CONFIRM_6T_PULLBACK,LONG,REJECTION,BID,CONTINUED_BUY,BELOW_OR_LOW,PM_DRIFT,NORMAL_VOL,MID_SESSION_RANGE,200,0.025,-8.395,-13.795,97.38351676,22.435,13.255,195,0,0,0,5
S24_VWAP_ORB_NOOPP_BE20p4_T15m,CONFIRM_8T_PULLBACK,LONG,BREAK,ASK,CONTINUED_BUY,BELOW_OR_LOW,PM_DRIFT,NORMAL_VOL,MID_SESSION_RANGE,201,0.04975124378109453,-8.661691542288557,-14.061691542288557,148.8589990199005,26.27363184079602,17.601990049751244,191,0,0,0,10
S20_ORB_ONLY_BE16p2_T10m,CONFIRM_6T_PULLBACK,SHORT,REJECTION,ASK,BUY_TO_SELL_FLIP,BELOW_OR_LOW,CLOSE,NORMAL_VOL,MID_SESSION_RANGE,166,0.0,-8.734939759036145,-14.134939759036145,71.76688336746987,21.373493975903614,13.259036144578314,166,0,0,0,0
S20_ORB_ONLY_BE16p2_T10m,CONFIRM_8T_PULLBACK,LONG,BREAK,ASK,CONTINUED_BUY,BELOW_OR_LOW,PM_DRIFT,NORMAL_VOL,MID_SESSION_RANGE,201,0.04477611940298507,-8.855721393034825,-14.255721393034824,105.63916446268657,21.4726368159204,14.457711442786069,192,0,0,0,9
S20_VWAP_ONLY_BE16p2_T10m,CONFIRM_8T_PULLBACK,LONG,BREAK,ASK,CONTINUED_BUY,BELOW_OR_LOW,PM_DRIFT,NORMAL_VOL,MID_SESSION_RANGE,201,0.04477611940298507,-8.855721393034825,-14.255721393034824,105.63916446268657,21.4726368159204,14.457711442786069,192,0,0,0,9
S20_ORB_ONLY_BE16p2_T10m,CONFIRM_6T_PULLBACK,LONG,BREAK,ASK,CONTINUED_BUY,BELOW_OR_LOW,PM_DRIFT,NORMAL_VOL,MID_SESSION_RANGE,204,0.024509803921568627,-8.862745098039216,-14.262745098039215,103.9670156127451,22.90686274509804,13.808823529411764,199,0,0,0,5
S20_VWAP_ONLY_BE16p2_T10m,CONFIRM_6T_PULLBACK,LONG,BREAK,ASK,CONTINUED_BUY,BELOW_OR_LOW,PM_DRIFT,NORMAL_VOL,MID_SESSION_RANGE,204,0.024509803921568627,-8.862745098039216,-14.262745098039215,103.9670156127451,22.90686274509804,13.808823529411764,199,0,0,0,5
S20_ORB_ONLY_BE16p2_T10m,CONFIRM_8T_PULLBACK,SHORT,REJECTION,ASK,BUY_TO_SELL_FLIP,BELOW_OR_LOW,CLOSE,NORMAL_VOL,MID_SESSION_RANGE,165,0.0,-9.2,-14.6,61.99781633333333,18.830303030303032,13.442424242424243,165,0,0,0,0
S24_VWAP_ORB_NOOPP_BE20p4_T15m,CONFIRM_8T_PULLBACK,LONG,REJECTION,BID,CONTINUED_BUY,BELOW_OR_LOW,PM_DRIFT,NORMAL_VOL,MID_SESSION_RANGE,197,0.04568527918781726,-9.416243654822335,-14.816243654822333,138.38646083756345,24.903553299492387,17.538071065989847,188,0,0,0,9
S20_ORB_ONLY_BE16p2_T10m,CONFIRM_8T_PULLBACK,LONG,REJECTION,BID,SELL_TO_BUY_FLIP,BELOW_OR_LOW,PM_DRIFT,NORMAL_VOL,MID_SESSION_RANGE,140,0.02857142857142857,-10.321428571428571,-15.721428571428572,80.23503284285714,18.678571428571427,14.35,136,0,0,0,4
S20_VWAP_ONLY_BE16p2_T10m,CONFIRM_8T_PULLBACK,LONG,REJECTION,BID,SELL_TO_BUY_FLIP,BELOW_OR_LOW,PM_DRIFT,NORMAL_VOL,MID_SESSION_RANGE,140,0.02857142857142857,-10.321428571428571,-15.721428571428572,80.23503284285714,18.678571428571427,14.35,136,0,0,0,4
S24_VWAP_ORB_NOOPP_BE20p4_T15m,CONFIRM_6T_PULLBACK,LONG,BREAK,ASK,CONTINUED_BUY,BELOW_OR_LOW,PM_DRIFT,NORMAL_VOL,MID_SESSION_RANGE,204,0.024509803921568627,-10.700980392156863,-16.100980392156863,131.84141087254903,25.642156862745097,17.102941176470587,199,0,0,0,5
S20_ORB_ONLY_BE16p2_T10m,CONFIRM_6T_PULLBACK,SHORT,BREAK,BID,BUY_TO_SELL_FLIP,BELOW_OR_LOW,CLOSE,NORMAL_VOL,MID_SESSION_RANGE,138,0.0,-10.753623188405797,-16.153623188405795,63.76289211594203,18.52173913043478,15.101449275362318,138,0,0,0,0
S20_ORB_ONLY_BE16p2_T10m,CONFIRM_6T_PULLBACK,LONG,BREAK,ASK,SELL_TO_BUY_FLIP,BELOW_OR_LOW,PM_DRIFT,NORMAL_VOL,MID_SESSION_RANGE,143,0.02097902097902098,-11.034965034965035,-16.434965034965035,83.03717090909092,19.475524475524477,14.342657342657343,140,0,0,0,3
S20_VWAP_ONLY_BE16p2_T10m,CONFIRM_6T_PULLBACK,LONG,BREAK,ASK,SELL_TO_BUY_FLIP,BELOW_OR_LOW,PM_DRIFT,NORMAL_VOL,MID_SESSION_RANGE,143,0.02097902097902098,-11.034965034965035,-16.434965034965035,83.03717090909092,19.475524475524477,14.342657342657343,140,0,0,0,3
S20_ORB_ONLY_BE16p2_T10m,CONFIRM_8T_PULLBACK,SHORT,BREAK,BID,BUY_TO_SELL_FLIP,BELOW_OR_LOW,CLOSE,NORMAL_VOL,MID_SESSION_RANGE,136,0.0,-11.102941176470589,-16.50294117647059,59.46033463970588,17.49264705882353,14.698529411764707,136,0,0,0,0
S24_VWAP_ORB_NOOPP_BE20p4_T15m,CONFIRM_6T_PULLBACK,LONG,REJECTION,BID,SELL_TO_BUY_FLIP,BELOW_OR_LOW,PM_DRIFT,NORMAL_VOL,MID_SESSION_RANGE,145,0.041379310344827586,-11.186206896551724,-16.586206896551722,121.71191544827585,22.26206896551724,18.30344827586207,139,0,0,0,6
S24_VWAP_ORB_NOOPP_BE20p4_T15m,CONFIRM_6T_PULLBACK,LONG,REJECTION,BID,CONTINUED_BUY,BELOW_OR_LOW,PM_DRIFT,NORMAL_VOL,MID_SESSION_RANGE,200,0.015,-11.715,-17.115,119.08809974,23.925,16.915,197,0,0,0,3
S20_ORB_ONLY_BE16p2_T10m,CONFIRM_8T_PULLBACK,LONG,BREAK,ASK,SELL_TO_BUY_FLIP,BELOW_OR_LOW,PM_DRIFT,NORMAL_VOL,MID_SESSION_RANGE,137,0.021897810218978103,-11.91970802919708,-17.319708029197077,72.03337033576642,16.16788321167883,15.116788321167883,134,0,0,0,3
S20_VWAP_ONLY_BE16p2_T10m,CONFIRM_8T_PULLBACK,LONG,BREAK,ASK,SELL_TO_BUY_FLIP,BELOW_OR_LOW,PM_DRIFT,NORMAL_VOL,MID_SESSION_RANGE,137,0.021897810218978103,-11.91970802919708,-17.319708029197077,72.03337033576642,16.16788321167883,15.116788321167883,134,0,0,0,3
S20_ORB_ONLY_BE16p2_T10m,CONFIRM_6T_PULLBACK,SHORT,REJECTION,ASK,CONTINUED_SELL,BELOW_OR_LOW,CLOSE,NORMAL_VOL,MID_SESSION_RANGE,218,0.0,-12.63302752293578,-18.03302752293578,58.02914555045872,13.541284403669724,15.73394495412844,218,0,0,0,0
S20_ORB_ONLY_BE16p2_T10m,CONFIRM_6T_PULLBACK,SHORT,BREAK,BID,CONTINUED_SELL,BELOW_OR_LOW,CLOSE,NORMAL_VOL,MID_SESSION_RANGE,211,0.0,-12.909952606635072,-18.30995260663507,56.23800701895735,12.47867298578199,16.213270142180093,211,0,0,0,0
S20_ORB_ONLY_BE16p2_T10m,CONFIRM_8T_PULLBACK,SHORT,BREAK,BID,CONTINUED_SELL,BELOW_OR_LOW,CLOSE,NORMAL_VOL,MID_SESSION_RANGE,209,0.0,-13.368421052631579,-18.768421052631577,57.295404253588515,12.325358851674642,16.282296650717704,209,0,0,0,0
S24_VWAP_ORB_NOOPP_BE20p4_T15m,CONFIRM_8T_PULLBACK,LONG,REJECTION,BID,SELL_TO_BUY_FLIP,BELOW_OR_LOW,PM_DRIFT,NORMAL_VOL,MID_SESSION_RANGE,140,0.02142857142857143,-13.85,-19.25,101.40849648571428,19.34285714285714,18.75,137,0,0,0,3
S20_ORB_ONLY_BE16p2_T10m,CONFIRM_8T_PULLBACK,SHORT,REJECTION,ASK,CONTINUED_SELL,BELOW_OR_LOW,CLOSE,NORMAL_VOL,MID_SESSION_RANGE,217,0.0,-14.018433179723502,-19.418433179723504,55.681567036866355,12.23041474654378,16.903225806451612,217,0,0,0,0
S24_VWAP_ORB_NOOPP_BE20p4_T15m,CONFIRM_6T_PULLBACK,LONG,BREAK,ASK,SELL_TO_BUY_FLIP,BELOW_OR_LOW,PM_DRIFT,NORMAL_VOL,MID_SESSION_RANGE,143,0.02097902097902098,-14.048951048951048,-19.44895104895105,105.90360165034964,20.006993006993007,18.272727272727273,140,0,0,0,3
S24_VWAP_ORB_NOOPP_BE20p4_T15m,CONFIRM_8T_PULLBACK,LONG,BREAK,ASK,SELL_TO_BUY_FLIP,BELOW_OR_LOW,PM_DRIFT,NORMAL_VOL,MID_SESSION_RANGE,137,0.021897810218978103,-14.656934306569344,-20.056934306569342,98.60822189781022,17.613138686131386,19.116788321167885,134,0,0,0,3
S16_VWAP_ORB_OPP_BE12p1_T10m,CONFIRM_6T_PULLBACK,SHORT,BREAK,BID,BUY_TO_SELL_FLIP,BELOW_OR_LOW,CLOSE,NORMAL_VOL,MID_SESSION_RANGE,138,0.0,-294.72610584481276,-300.12610584481274,-0.3667457391304348,1.565217391304348,1.434782608695652,2,136,0,0,0
S16_VWAP_ORB_OPP_BE12p1_T10m,CONFIRM_8T_PULLBACK,SHORT,BREAK,BID,BUY_TO_SELL_FLIP,BELOW_OR_LOW,CLOSE,NORMAL_VOL,MID_SESSION_RANGE,136,0.0,-297.4632978567338,-302.8632978567337,-0.339668544117647,1.5588235294117647,1.8088235294117647,1,135,0,0,0
S16_VWAP_ORB_OPP_BE12p1_T10m,CONFIRM_6T_PULLBACK,SHORT,REJECTION,ASK,BUY_TO_SELL_FLIP,BELOW_OR_LOW,CLOSE,NORMAL_VOL,MID_SESSION_RANGE,166,0.0,-297.6659092171005,-303.06590921710045,-0.38116709036144575,2.246987951807229,0.8734939759036144,1,165,0,0,0
S20_VWAP_ONLY_BE16p2_T10m,CONFIRM_6T_PULLBACK,SHORT,BREAK,BID,BUY_TO_SELL_FLIP,BELOW_OR_LOW,CLOSE,NORMAL_VOL,MID_SESSION_RANGE,138,0.0,-298.2335817582479,-303.6335817582479,-0.3667457391304348,1.565217391304348,1.434782608695652,0,138,0,0,0
S20_VWAP_ORB_OPP_BE16p2_T10m,CONFIRM_6T_PULLBACK,SHORT,BREAK,BID,BUY_TO_SELL_FLIP,BELOW_OR_LOW,CLOSE,NORMAL_VOL,MID_SESSION_RANGE,138,0.0,-298.2335817582479,-303.6335817582479,-0.3667457391304348,1.565217391304348,1.434782608695652,0,138,0,0,0
S24_VWAP_ORB_NOOPP_BE20p4_T15m,CONFIRM_6T_PULLBACK,SHORT,BREAK,BID,BUY_TO_SELL_FLIP,BELOW_OR_LOW,CLOSE,NORMAL_VOL,MID_SESSION_RANGE,138,0.0,-298.2335817582479,-303.6335817582479,-0.3667457391304348,1.565217391304348,1.434782608695652,0,138,0,0,0
S20_VWAP_ONLY_BE16p2_T10m,CONFIRM_6T_PULLBACK,SHORT,REJECTION,ASK,BUY_TO_SELL_FLIP,BELOW_OR_LOW,CLOSE,NORMAL_VOL,MID_SESSION_RANGE,166,0.0,-299.1207954611182,-304.52079546111815,-0.38116709036144575,2.246987951807229,0.8734939759036144,0,166,0,0,0
S20_VWAP_ORB_OPP_BE16p2_T10m,CONFIRM_6T_PULLBACK,SHORT,REJECTION,ASK,BUY_TO_SELL_FLIP,BELOW_OR_LOW,CLOSE,NORMAL_VOL,MID_SESSION_RANGE,166,0.0,-299.1207954611182,-304.52079546111815,-0.38116709036144575,2.246987951807229,0.8734939759036144,0,166,0,0,0
S24_VWAP_ORB_NOOPP_BE20p4_T15m,CONFIRM_6T_PULLBACK,SHORT,REJECTION,ASK,BUY_TO_SELL_FLIP,BELOW_OR_LOW,CLOSE,NORMAL_VOL,MID_SESSION_RANGE,166,0.0,-299.1207954611182,-304.52079546111815,-0.38116709036144575,2.246987951807229,0.8734939759036144,0,166,0,0,0
S20_VWAP_ONLY_BE16p2_T10m,CONFIRM_8T_PULLBACK,SHORT,BREAK,BID,BUY_TO_SELL_FLIP,BELOW_OR_LOW,CLOSE,NORMAL_VOL,MID_SESSION_RANGE,136,0.0,-299.2464678310495,-304.64646783104945,-0.339668544117647,1.5588235294117647,1.8088235294117647,0,136,0,0,0
S20_VWAP_ORB_OPP_BE16p2_T10m,CONFIRM_8T_PULLBACK,SHORT,BREAK,BID,BUY_TO_SELL_FLIP,BELOW_OR_LOW,CLOSE,NORMAL_VOL,MID_SESSION_RANGE,136,0.0,-299.2464678310495,-304.64646783104945,-0.339668544117647,1.5588235294117647,1.8088235294117647,0,136,0,0,0
S24_VWAP_ORB_NOOPP_BE20p4_T15m,CONFIRM_8T_PULLBACK,SHORT,BREAK,BID,BUY_TO_SELL_FLIP,BELOW_OR_LOW,CLOSE,NORMAL_VOL,MID_SESSION_RANGE,136,0.0,-299.2464678310495,-304.64646783104945,-0.339668544117647,1.5588235294117647,1.8088235294117647,0,136,0,0,0
S16_VWAP_ORB_OPP_BE12p1_T10m,CONFIRM_8T_PULLBACK,SHORT,REJECTION,ASK,BUY_TO_SELL_FLIP,BELOW_OR_LOW,CLOSE,NORMAL_VOL,MID_SESSION_RANGE,165,0.0,-299.59938769915993,-304.99938769915997,-0.36837552727272727,2.3878787878787877,1.0787878787878789,1,164,0,0,0
S20_VWAP_ONLY_BE16p2_T10m,CONFIRM_8T_PULLBACK,SHORT,REJECTION,ASK,BUY_TO_SELL_FLIP,BELOW_OR_LOW,CLOSE,NORMAL_VOL,MID_SESSION_RANGE,165,0.0,-301.06915204162624,-306.4691520416263,-0.36837552727272727,2.3878787878787877,1.0787878787878789,0,165,0,0,0
S20_VWAP_ORB_OPP_BE16p2_T10m,CONFIRM_8T_PULLBACK,SHORT,REJECTION,ASK,BUY_TO_SELL_FLIP,BELOW_OR_LOW,CLOSE,NORMAL_VOL,MID_SESSION_RANGE,165,0.0,-301.06915204162624,-306.4691520416263,-0.36837552727272727,2.3878787878787877,1.0787878787878789,0,165,0,0,0
S24_VWAP_ORB_NOOPP_BE20p4_T15m,CONFIRM_8T_PULLBACK,SHORT,REJECTION,ASK,BUY_TO_SELL_FLIP,BELOW_OR_LOW,CLOSE,NORMAL_VOL,MID_SESSION_RANGE,165,0.0,-301.06915204162624,-306.4691520416263,-0.36837552727272727,2.3878787878787877,1.0787878787878789,0,165,0,0,0
S16_VWAP_ORB_OPP_BE12p1_T10m,CONFIRM_6T_PULLBACK,SHORT,REJECTION,ASK,CONTINUED_SELL,BELOW_OR_LOW,CLOSE,NORMAL_VOL,MID_SESSION_RANGE,218,0.0,-311.1232610910343,-316.52326109103427,-0.40349955504587154,1.665137614678899,1.0779816513761469,0,218,0,0,0
S20_VWAP_ONLY_BE16p2_T10m,CONFIRM_6T_PULLBACK,SHORT,REJECTION,ASK,CONTINUED_SELL,BELOW_OR_LOW,CLOSE,NORMAL_VOL,MID_SESSION_RANGE,218,0.0,-311.1232610910343,-316.52326109103427,-0.40349955504587154,1.665137614678899,1.0779816513761469,0,218,0,0,0
S20_VWAP_ORB_OPP_BE16p2_T10m,CONFIRM_6T_PULLBACK,SHORT,REJECTION,ASK,CONTINUED_SELL,BELOW_OR_LOW,CLOSE,NORMAL_VOL,MID_SESSION_RANGE,218,0.0,-311.1232610910343,-316.52326109103427,-0.40349955504587154,1.665137614678899,1.0779816513761469,0,218,0,0,0
S24_VWAP_ORB_NOOPP_BE20p4_T15m,CONFIRM_6T_PULLBACK,SHORT,REJECTION,ASK,CONTINUED_SELL,BELOW_OR_LOW,CLOSE,NORMAL_VOL,MID_SESSION_RANGE,218,0.0,-311.1232610910343,-316.52326109103427,-0.40349955504587154,1.665137614678899,1.0779816513761469,0,218,0,0,0
S16_VWAP_ORB_OPP_BE12p1_T10m,CONFIRM_8T_PULLBACK,SHORT,REJECTION,ASK,CONTINUED_SELL,BELOW_OR_LOW,CLOSE,NORMAL_VOL,MID_SESSION_RANGE,217,0.0,-312.3806540832578,-317.7806540832578,-0.35479823963133644,1.8018433179723503,1.336405529953917,0,217,0,0,0
S20_VWAP_ONLY_BE16p2_T10m,CONFIRM_8T_PULLBACK,SHORT,REJECTION,ASK,CONTINUED_SELL,BELOW_OR_LOW,CLOSE,NORMAL_VOL,MID_SESSION_RANGE,217,0.0,-312.3806540832578,-317.7806540832578,-0.35479823963133644,1.8018433179723503,1.336405529953917,0,217,0,0,0
S20_VWAP_ORB_OPP_BE16p2_T10m,CONFIRM_8T_PULLBACK,SHORT,REJECTION,ASK,CONTINUED_SELL,BELOW_OR_LOW,CLOSE,NORMAL_VOL,MID_SESSION_RANGE,217,0.0,-312.3806540832578,-317.7806540832578,-0.35479823963133644,1.8018433179723503,1.336405529953917,0,217,0,0,0
S24_VWAP_ORB_NOOPP_BE20p4_T15m,CONFIRM_8T_PULLBACK,SHORT,REJECTION,ASK,CONTINUED_SELL,BELOW_OR_LOW,CLOSE,NORMAL_VOL,MID_SESSION_RANGE,217,0.0,-312.3806540832578,-317.7806540832578,-0.35479823963133644,1.8018433179723503,1.336405529953917,0,217,0,0,0
S16_VWAP_ORB_OPP_BE12p1_T10m,CONFIRM_6T_PULLBACK,SHORT,BREAK,BID,CONTINUED_SELL,BELOW_OR_LOW,CLOSE,NORMAL_VOL,MID_SESSION_RANGE,211,0.0,-315.35882237764156,-320.75882237764154,-0.405224345971564,1.4312796208530805,1.5165876777251184,0,211,0,0,0
S20_VWAP_ONLY_BE16p2_T10m,CONFIRM_6T_PULLBACK,SHORT,BREAK,BID,CONTINUED_SELL,BELOW_OR_LOW,CLOSE,NORMAL_VOL,MID_SESSION_RANGE,211,0.0,-315.35882237764156,-320.75882237764154,-0.405224345971564,1.4312796208530805,1.5165876777251184,0,211,0,0,0
S20_VWAP_ORB_OPP_BE16p2_T10m,CONFIRM_6T_PULLBACK,SHORT,BREAK,BID,CONTINUED_SELL,BELOW_OR_LOW,CLOSE,NORMAL_VOL,MID_SESSION_RANGE,211,0.0,-315.35882237764156,-320.75882237764154,-0.405224345971564,1.4312796208530805,1.5165876777251184,0,211,0,0,0
S24_VWAP_ORB_NOOPP_BE20p4_T15m,CONFIRM_6T_PULLBACK,SHORT,BREAK,BID,CONTINUED_SELL,BELOW_OR_LOW,CLOSE,NORMAL_VOL,MID_SESSION_RANGE,211,0.0,-315.35882237764156,-320.75882237764154,-0.405224345971564,1.4312796208530805,1.5165876777251184,0,211,0,0,0
S16_VWAP_ORB_OPP_BE12p1_T10m,CONFIRM_8T_PULLBACK,SHORT,BREAK,BID,CONTINUED_SELL,BELOW_OR_LOW,CLOSE,NORMAL_VOL,MID_SESSION_RANGE,209,0.0,-316.42209199105616,-321.82209199105614,-0.39976493301435406,1.6555023923444976,1.9521531100478469,0,209,0,0,0
S20_VWAP_ONLY_BE16p2_T10m,CONFIRM_8T_PULLBACK,SHORT,BREAK,BID,CONTINUED_SELL,BELOW_OR_LOW,CLOSE,NORMAL_VOL,MID_SESSION_RANGE,209,0.0,-316.42209199105616,-321.82209199105614,-0.39976493301435406,1.6555023923444976,1.9521531100478469,0,209,0,0,0
S20_VWAP_ORB_OPP_BE16p2_T10m,CONFIRM_8T_PULLBACK,SHORT,BREAK,BID,CONTINUED_SELL,BELOW_OR_LOW,CLOSE,NORMAL_VOL,MID_SESSION_RANGE,209,0.0,-316.42209199105616,-321.82209199105614,-0.39976493301435406,1.6555023923444976,1.9521531100478469,0,209,0,0,0
S24_VWAP_ORB_NOOPP_BE20p4_T15m,CONFIRM_8T_PULLBACK,SHORT,BREAK,BID,CONTINUED_SELL,BELOW_OR_LOW,CLOSE,NORMAL_VOL,MID_SESSION_RANGE,209,0.0,-316.42209199105616,-321.82209199105614,-0.39976493301435406,1.6555023923444976,1.9521531100478469,0,209,0,0,0
S16_VWAP_ORB_OPP_BE12p1_T10m,CONFIRM_6T_PULLBACK,SHORT,BREAK,BID,BUY_TO_SELL_FLIP,BELOW_OR_LOW,PM_DRIFT,NORMAL_VOL,MID_SESSION_RANGE,144,0.0,-397.8122812899989,-403.2122812899989,-0.3781060972222222,1.7013888888888888,1.2222222222222223,0,144,0,0,0
S20_VWAP_ONLY_BE16p2_T10m,CONFIRM_6T_PULLBACK,SHORT,BREAK,BID,BUY_TO_SELL_FLIP,BELOW_OR_LOW,PM_DRIFT,NORMAL_VOL,MID_SESSION_RANGE,144,0.0,-397.8122812899989,-403.2122812899989,-0.3781060972222222,1.7013888888888888,1.2222222222222223,0,144,0,0,0
S20_VWAP_ORB_OPP_BE16p2_T10m,CONFIRM_6T_PULLBACK,SHORT,BREAK,BID,BUY_TO_SELL_FLIP,BELOW_OR_LOW,PM_DRIFT,NORMAL_VOL,MID_SESSION_RANGE,144,0.0,-397.8122812899989,-403.2122812899989,-0.3781060972222222,1.7013888888888888,1.2222222222222223,0,144,0,0,0
S24_VWAP_ORB_NOOPP_BE20p4_T15m,CONFIRM_6T_PULLBACK,SHORT,BREAK,BID,BUY_TO_SELL_FLIP,BELOW_OR_LOW,PM_DRIFT,NORMAL_VOL,MID_SESSION_RANGE,144,0.0,-397.8122812899989,-403.2122812899989,-0.3781060972222222,1.7013888888888888,1.2222222222222223,0,144,0,0,0
S16_VWAP_ORB_OPP_BE12p1_T10m,CONFIRM_6T_PULLBACK,SHORT,REJECTION,ASK,BUY_TO_SELL_FLIP,BELOW_OR_LOW,PM_DRIFT,NORMAL_VOL,MID_SESSION_RANGE,156,0.0,-398.013317257834,-403.41331725783397,-0.4045638141025641,1.6794871794871795,0.782051282051282,0,156,0,0,0
S20_VWAP_ONLY_BE16p2_T10m,CONFIRM_6T_PULLBACK,SHORT,REJECTION,ASK,BUY_TO_SELL_FLIP,BELOW_OR_LOW,PM_DRIFT,NORMAL_VOL,MID_SESSION_RANGE,156,0.0,-398.013317257834,-403.41331725783397,-0.4045638141025641,1.6794871794871795,0.782051282051282,0,156,0,0,0
S20_VWAP_ORB_OPP_BE16p2_T10m,CONFIRM_6T_PULLBACK,SHORT,REJECTION,ASK,BUY_TO_SELL_FLIP,BELOW_OR_LOW,PM_DRIFT,NORMAL_VOL,MID_SESSION_RANGE,156,0.0,-398.013317257834,-403.41331725783397,-0.4045638141025641,1.6794871794871795,0.782051282051282,0,156,0,0,0
S24_VWAP_ORB_NOOPP_BE20p4_T15m,CONFIRM_6T_PULLBACK,SHORT,REJECTION,ASK,BUY_TO_SELL_FLIP,BELOW_OR_LOW,PM_DRIFT,NORMAL_VOL,MID_SESSION_RANGE,156,0.0,-398.013317257834,-403.41331725783397,-0.4045638141025641,1.6794871794871795,0.782051282051282,0,156,0,0,0
S16_VWAP_ORB_OPP_BE12p1_T10m,CONFIRM_8T_PULLBACK,SHORT,REJECTION,ASK,BUY_TO_SELL_FLIP,BELOW_OR_LOW,PM_DRIFT,NORMAL_VOL,MID_SESSION_RANGE,146,0.0,-399.777424653229,-405.1774246532289,-0.3486967328767123,1.9794520547945205,0.9794520547945206,0,146,0,0,0
S20_VWAP_ONLY_BE16p2_T10m,CONFIRM_8T_PULLBACK,SHORT,REJECTION,ASK,BUY_TO_SELL_FLIP,BELOW_OR_LOW,PM_DRIFT,NORMAL_VOL,MID_SESSION_RANGE,146,0.0,-399.777424653229,-405.1774246532289,-0.3486967328767123,1.9794520547945205,0.9794520547945206,0,146,0,0,0
S20_VWAP_ORB_OPP_BE16p2_T10m,CONFIRM_8T_PULLBACK,SHORT,REJECTION,ASK,BUY_TO_SELL_FLIP,BELOW_OR_LOW,PM_DRIFT,NORMAL_VOL,MID_SESSION_RANGE,146,0.0,-399.777424653229,-405.1774246532289,-0.3486967328767123,1.9794520547945205,0.9794520547945206,0,146,0,0,0
S24_VWAP_ORB_NOOPP_BE20p4_T15m,CONFIRM_8T_PULLBACK,SHORT,REJECTION,ASK,BUY_TO_SELL_FLIP,BELOW_OR_LOW,PM_DRIFT,NORMAL_VOL,MID_SESSION_RANGE,146,0.0,-399.777424653229,-405.1774246532289,-0.3486967328767123,1.9794520547945205,0.9794520547945206,0,146,0,0,0
S16_VWAP_ORB_OPP_BE12p1_T10m,CONFIRM_8T_PULLBACK,SHORT,BREAK,BID,BUY_TO_SELL_FLIP,BELOW_OR_LOW,PM_DRIFT,NORMAL_VOL,MID_SESSION_RANGE,142,0.0,-400.22757806967417,-405.62757806967414,-0.37733804225352113,1.9366197183098592,1.647887323943662,0,142,0,0,0
S20_VWAP_ONLY_BE16p2_T10m,CONFIRM_8T_PULLBACK,SHORT,BREAK,BID,BUY_TO_SELL_FLIP,BELOW_OR_LOW,PM_DRIFT,NORMAL_VOL,MID_SESSION_RANGE,142,0.0,-400.22757806967417,-405.62757806967414,-0.37733804225352113,1.9366197183098592,1.647887323943662,0,142,0,0,0
S20_VWAP_ORB_OPP_BE16p2_T10m,CONFIRM_8T_PULLBACK,SHORT,BREAK,BID,BUY_TO_SELL_FLIP,BELOW_OR_LOW,PM_DRIFT,NORMAL_VOL,MID_SESSION_RANGE,142,0.0,-400.22757806967417,-405.62757806967414,-0.37733804225352113,1.9366197183098592,1.647887323943662,0,142,0,0,0
S24_VWAP_ORB_NOOPP_BE20p4_T15m,CONFIRM_8T_PULLBACK,SHORT,BREAK,BID,BUY_TO_SELL_FLIP,BELOW_OR_LOW,PM_DRIFT,NORMAL_VOL,MID_SESSION_RANGE,142,0.0,-400.22757806967417,-405.62757806967414,-0.37733804225352113,1.9366197183098592,1.647887323943662,0,142,0,0,0
S16_VWAP_ORB_OPP_BE12p1_T10m,CONFIRM_6T_PULLBACK,SHORT,REJECTION,ASK,CONTINUED_SELL,BELOW_OR_LOW,PM_DRIFT,NORMAL_VOL,MID_SESSION_RANGE,195,0.0,-407.70790733121163,-413.1079073312116,-0.369462558974359,1.8871794871794871,0.6717948717948717,0,195,0,0,0
S20_VWAP_ONLY_BE16p2_T10m,CONFIRM_6T_PULLBACK,SHORT,REJECTION,ASK,CONTINUED_SELL,BELOW_OR_LOW,PM_DRIFT,NORMAL_VOL,MID_SESSION_RANGE,195,0.0,-407.70790733121163,-413.1079073312116,-0.369462558974359,1.8871794871794871,0.6717948717948717,0,195,0,0,0
S20_VWAP_ORB_OPP_BE16p2_T10m,CONFIRM_6T_PULLBACK,SHORT,REJECTION,ASK,CONTINUED_SELL,BELOW_OR_LOW,PM_DRIFT,NORMAL_VOL,MID_SESSION_RANGE,195,0.0,-407.70790733121163,-413.1079073312116,-0.369462558974359,1.8871794871794871,0.6717948717948717,0,195,0,0,0
S24_VWAP_ORB_NOOPP_BE20p4_T15m,CONFIRM_6T_PULLBACK,SHORT,REJECTION,ASK,CONTINUED_SELL,BELOW_OR_LOW,PM_DRIFT,NORMAL_VOL,MID_SESSION_RANGE,195,0.0,-407.70790733121163,-413.1079073312116,-0.369462558974359,1.8871794871794871,0.6717948717948717,0,195,0,0,0
S16_VWAP_ORB_OPP_BE12p1_T10m,CONFIRM_6T_PULLBACK,SHORT,BREAK,BID,CONTINUED_SELL,BELOW_OR_LOW,PM_DRIFT,NORMAL_VOL,MID_SESSION_RANGE,200,0.0,-410.32081823399204,-415.720818233992,-0.35159309,1.61,0.955,0,200,0,0,0
S20_VWAP_ONLY_BE16p2_T10m,CONFIRM_6T_PULLBACK,SHORT,BREAK,BID,CONTINUED_SELL,BELOW_OR_LOW,PM_DRIFT,NORMAL_VOL,MID_SESSION_RANGE,200,0.0,-410.32081823399204,-415.720818233992,-0.35159309,1.61,0.955,0,200,0,0,0
S20_VWAP_ORB_OPP_BE16p2_T10m,CONFIRM_6T_PULLBACK,SHORT,BREAK,BID,CONTINUED_SELL,BELOW_OR_LOW,PM_DRIFT,NORMAL_VOL,MID_SESSION_RANGE,200,0.0,-410.32081823399204,-415.720818233992,-0.35159309,1.61,0.955,0,200,0,0,0
S24_VWAP_ORB_NOOPP_BE20p4_T15m,CONFIRM_6T_PULLBACK,SHORT,BREAK,BID,CONTINUED_SELL,BELOW_OR_LOW,PM_DRIFT,NORMAL_VOL,MID_SESSION_RANGE,200,0.0,-410.32081823399204,-415.720818233992,-0.35159309,1.61,0.955,0,200,0,0,0
S16_VWAP_ORB_OPP_BE12p1_T10m,CONFIRM_8T_PULLBACK,SHORT,REJECTION,ASK,CONTINUED_SELL,BELOW_OR_LOW,PM_DRIFT,NORMAL_VOL,MID_SESSION_RANGE,189,0.0,-410.5039934734218,-415.90399347342174,-0.31048367724867726,2.2222222222222223,0.656084656084656,0,189,0,0,0
S20_VWAP_ONLY_BE16p2_T10m,CONFIRM_8T_PULLBACK,SHORT,REJECTION,ASK,CONTINUED_SELL,BELOW_OR_LOW,PM_DRIFT,NORMAL_VOL,MID_SESSION_RANGE,189,0.0,-410.5039934734218,-415.90399347342174,-0.31048367724867726,2.2222222222222223,0.656084656084656,0,189,0,0,0
S20_VWAP_ORB_OPP_BE16p2_T10m,CONFIRM_8T_PULLBACK,SHORT,REJECTION,ASK,CONTINUED_SELL,BELOW_OR_LOW,PM_DRIFT,NORMAL_VOL,MID_SESSION_RANGE,189,0.0,-410.5039934734218,-415.90399347342174,-0.31048367724867726,2.2222222222222223,0.656084656084656,0,189,0,0,0
S24_VWAP_ORB_NOOPP_BE20p4_T15m,CONFIRM_8T_PULLBACK,SHORT,REJECTION,ASK,CONTINUED_SELL,BELOW_OR_LOW,PM_DRIFT,NORMAL_VOL,MID_SESSION_RANGE,189,0.0,-410.5039934734218,-415.90399347342174,-0.31048367724867726,2.2222222222222223,0.656084656084656,0,189,0,0,0
S16_VWAP_ORB_OPP_BE12p1_T10m,CONFIRM_8T_PULLBACK,SHORT,BREAK,BID,CONTINUED_SELL,BELOW_OR_LOW,PM_DRIFT,NORMAL_VOL,MID_SESSION_RANGE,191,0.0,-412.65166385406985,-418.05166385406983,-0.33652639267015705,2.089005235602094,1.0890052356020943,0,191,0,0,0
S20_VWAP_ONLY_BE16p2_T10m,CONFIRM_8T_PULLBACK,SHORT,BREAK,BID,CONTINUED_SELL,BELOW_OR_LOW,PM_DRIFT,NORMAL_VOL,MID_SESSION_RANGE,191,0.0,-412.65166385406985,-418.05166385406983,-0.33652639267015705,2.089005235602094,1.0890052356020943,0,191,0,0,0
S20_VWAP_ORB_OPP_BE16p2_T10m,CONFIRM_8T_PULLBACK,SHORT,BREAK,BID,CONTINUED_SELL,BELOW_OR_LOW,PM_DRIFT,NORMAL_VOL,MID_SESSION_RANGE,191,0.0,-412.65166385406985,-418.05166385406983,-0.33652639267015705,2.089005235602094,1.0890052356020943,0,191,0,0,0
S24_VWAP_ORB_NOOPP_BE20p4_T15m,CONFIRM_8T_PULLBACK,SHORT,BREAK,BID,CONTINUED_SELL,BELOW_OR_LOW,PM_DRIFT,NORMAL_VOL,MID_SESSION_RANGE,191,0.0,-412.65166385406985,-418.05166385406983,-0.33652639267015705,2.089005235602094,1.0890052356020943,0,191,0,0,0
