NinjaScript File,Error,Code,Line,Column,
20260509_103333_CG_NT8_AutoDeployer_AddOn_v0_1.cs,The namespace 'NinjaTrader.NinjaScript.AddOns' already contains a definition for 'CG_NT8_AutoDeployer_AddOn_v0_1',CS0101,45,18,
CG_MNQ_DeployShell_v1_11.cs,The namespace 'NinjaTrader.NinjaScript.Strategies' already contains a definition for 'CG_MNQ_DeployShell_v1_11',CS0101,37,18,
20260509_103333_CG_NT8_AutoDeployer_AddOn_v0_1.cs,Type 'CG_NT8_AutoDeployer_AddOn_v0_1' already defines a member called 'OnStateChange' with the same parameter types,CS0111,58,33,
20260509_103333_CG_NT8_AutoDeployer_AddOn_v0_1.cs,Type 'CG_NT8_AutoDeployer_AddOn_v0_1' already defines a member called 'InitializePaths' with the same parameter types,CS0111,85,22,
20260509_103333_CG_NT8_AutoDeployer_AddOn_v0_1.cs,Type 'CG_NT8_AutoDeployer_AddOn_v0_1' already defines a member called 'StartWatcher' with the same parameter types,CS0111,106,22,
20260509_103333_CG_NT8_AutoDeployer_AddOn_v0_1.cs,Type 'CG_NT8_AutoDeployer_AddOn_v0_1' already defines a member called 'StopWatcher' with the same parameter types,CS0111,122,22,
20260509_103333_CG_NT8_AutoDeployer_AddOn_v0_1.cs,Type 'CG_NT8_AutoDeployer_AddOn_v0_1' already defines a member called 'OnInboundFile' with the same parameter types,CS0111,139,22,
20260509_103333_CG_NT8_AutoDeployer_AddOn_v0_1.cs,Type 'CG_NT8_AutoDeployer_AddOn_v0_1' already defines a member called 'ProcessInboundFile' with the same parameter types,CS0111,149,22,
20260509_103333_CG_NT8_AutoDeployer_AddOn_v0_1.cs,Type 'CG_NT8_AutoDeployer_AddOn_v0_1' already defines a member called 'IsFileReady' with the same parameter types,CS0111,180,22,
20260509_103333_CG_NT8_AutoDeployer_AddOn_v0_1.cs,Type 'CG_NT8_AutoDeployer_AddOn_v0_1' already defines a member called 'InstallStrategyFile' with the same parameter types,CS0111,193,22,
20260509_103333_CG_NT8_AutoDeployer_AddOn_v0_1.cs,Type 'CG_NT8_AutoDeployer_AddOn_v0_1' already defines a member called 'InstallConfigFile' with the same parameter types,CS0111,218,22,
20260509_103333_CG_NT8_AutoDeployer_AddOn_v0_1.cs,Type 'CG_NT8_AutoDeployer_AddOn_v0_1' already defines a member called 'RequestCompile' with the same parameter types,CS0111,230,22,
20260509_103333_CG_NT8_AutoDeployer_AddOn_v0_1.cs,Type 'CG_NT8_AutoDeployer_AddOn_v0_1' already defines a member called 'RunDeployHook' with the same parameter types,CS0111,239,22,
20260509_103333_CG_NT8_AutoDeployer_AddOn_v0_1.cs,Type 'CG_NT8_AutoDeployer_AddOn_v0_1' already defines a member called 'Log' with the same parameter types,CS0111,265,22,
CG_MNQ_DeployShell_v1_11.cs,Type 'CG_MNQ_DeployShell_v1_11' already defines a member called 'OnStateChange' with the same parameter types,CS0111,163,33,
CG_MNQ_DeployShell_v1_11.cs,Type 'CG_MNQ_DeployShell_v1_11' already defines a member called 'OnBarUpdate' with the same parameter types,CS0111,231,33,
CG_MNQ_DeployShell_v1_11.cs,Type 'CG_MNQ_DeployShell_v1_11' already defines a member called 'EvaluateLongSignal' with the same parameter types,CS0111,339,22,
CG_MNQ_DeployShell_v1_11.cs,Type 'CG_MNQ_DeployShell_v1_11' already defines a member called 'EvaluateShortSignal' with the same parameter types,CS0111,357,22,
CG_MNQ_DeployShell_v1_11.cs,Type 'CG_MNQ_DeployShell_v1_11' already defines a member called 'GetMinuteMomentumTicks' with the same parameter types,CS0111,375,24,
CG_MNQ_DeployShell_v1_11.cs,Type 'CG_MNQ_DeployShell_v1_11' already defines a member called 'IsRth' with the same parameter types,CS0111,383,22,
CG_MNQ_DeployShell_v1_11.cs,Type 'CG_MNQ_DeployShell_v1_11' already defines a member called 'GetSessionPhase' with the same parameter types,CS0111,389,24,
CG_MNQ_DeployShell_v1_11.cs,Type 'CG_MNQ_DeployShell_v1_11' already defines a member called 'IsLongAllowed' with the same parameter types,CS0111,400,22,
CG_MNQ_DeployShell_v1_11.cs,Type 'CG_MNQ_DeployShell_v1_11' already defines a member called 'IsShortAllowed' with the same parameter types,CS0111,408,22,
CG_MNQ_DeployShell_v1_11.cs,Type 'CG_MNQ_DeployShell_v1_11' already defines a member called 'ResetSessionIfNeeded' with the same parameter types,CS0111,417,22,
CG_MNQ_DeployShell_v1_11.cs,Type 'CG_MNQ_DeployShell_v1_11' already defines a member called 'GetCurrentBidSafe' with the same parameter types,CS0111,433,24,
CG_MNQ_DeployShell_v1_11.cs,Type 'CG_MNQ_DeployShell_v1_11' already defines a member called 'GetCurrentAskSafe' with the same parameter types,CS0111,441,24,
CG_MNQ_DeployShell_v1_11.cs,Type 'CG_MNQ_DeployShell_v1_11' already defines a member called 'GetSpreadTicks' with the same parameter types,CS0111,449,24,
CG_MNQ_DeployShell_v1_11.cs,Type 'CG_MNQ_DeployShell_v1_11' already defines a member called 'OnOrderUpdate' with the same parameter types,CS0111,456,33,
CG_MNQ_DeployShell_v1_11.cs,Type 'CG_MNQ_DeployShell_v1_11' already defines a member called 'OnExecutionUpdate' with the same parameter types,CS0111,482,33,
CG_MNQ_DeployShell_v1_11.cs,Type 'CG_MNQ_DeployShell_v1_11' already defines a member called 'WriteTelemetryHeader' with the same parameter types,CS0111,501,22,
CG_MNQ_DeployShell_v1_11.cs,Type 'CG_MNQ_DeployShell_v1_11' already defines a member called 'LogTelemetry' with the same parameter types,CS0111,526,22,
CG_MNQ_DeployShell_v1_11.cs,Type 'CG_MNQ_DeployShell_v1_11' already defines a member called 'EscapeCsv' with the same parameter types,CS0111,560,31,
CG_NT8_AutoDeployer_AddOn_v0_1.cs,The call is ambiguous between the following methods or properties: 'CG_NT8_AutoDeployer_AddOn_v0_1.InitializePaths()' and 'CG_NT8_AutoDeployer_AddOn_v0_1.InitializePaths()',CS0121,69,21,
CG_NT8_AutoDeployer_AddOn_v0_1.cs,The call is ambiguous between the following methods or properties: 'CG_NT8_AutoDeployer_AddOn_v0_1.StartWatcher()' and 'CG_NT8_AutoDeployer_AddOn_v0_1.StartWatcher()',CS0121,70,21,
CG_NT8_AutoDeployer_AddOn_v0_1.cs,The call is ambiguous between the following methods or properties: 'CG_NT8_AutoDeployer_AddOn_v0_1.Log(string string)' and 'CG_NT8_AutoDeployer_AddOn_v0_1.Log(string string)',CS0121,71,21,
CG_NT8_AutoDeployer_AddOn_v0_1.cs,The call is ambiguous between the following methods or properties: 'CG_NT8_AutoDeployer_AddOn_v0_1.Log(string string)' and 'CG_NT8_AutoDeployer_AddOn_v0_1.Log(string string)',CS0121,75,21,
CG_NT8_AutoDeployer_AddOn_v0_1.cs,The call is ambiguous between the following methods or properties: 'CG_NT8_AutoDeployer_AddOn_v0_1.StopWatcher()' and 'CG_NT8_AutoDeployer_AddOn_v0_1.StopWatcher()',CS0121,80,17,
CG_NT8_AutoDeployer_AddOn_v0_1.cs,The call is ambiguous between the following methods or properties: 'CG_NT8_AutoDeployer_AddOn_v0_1.Log(string string)' and 'CG_NT8_AutoDeployer_AddOn_v0_1.Log(string string)',CS0121,81,17,
CG_NT8_AutoDeployer_AddOn_v0_1.cs,Ambiguity between 'CG_NT8_AutoDeployer_AddOn_v0_1.rootDir' and 'CG_NT8_AutoDeployer_AddOn_v0_1.rootDir',CS0229,87,13,
CG_NT8_AutoDeployer_AddOn_v0_1.cs,Ambiguity between 'CG_NT8_AutoDeployer_AddOn_v0_1.inboxDir' and 'CG_NT8_AutoDeployer_AddOn_v0_1.inboxDir',CS0229,88,13,
CG_NT8_AutoDeployer_AddOn_v0_1.cs,Ambiguity between 'CG_NT8_AutoDeployer_AddOn_v0_1.rootDir' and 'CG_NT8_AutoDeployer_AddOn_v0_1.rootDir',CS0229,88,37,
CG_NT8_AutoDeployer_AddOn_v0_1.cs,Ambiguity between 'CG_NT8_AutoDeployer_AddOn_v0_1.archiveDir' and 'CG_NT8_AutoDeployer_AddOn_v0_1.archiveDir',CS0229,89,13,
CG_NT8_AutoDeployer_AddOn_v0_1.cs,Ambiguity between 'CG_NT8_AutoDeployer_AddOn_v0_1.rootDir' and 'CG_NT8_AutoDeployer_AddOn_v0_1.rootDir',CS0229,89,39,
CG_NT8_AutoDeployer_AddOn_v0_1.cs,Ambiguity between 'CG_NT8_AutoDeployer_AddOn_v0_1.logsDir' and 'CG_NT8_AutoDeployer_AddOn_v0_1.logsDir',CS0229,90,13,
CG_NT8_AutoDeployer_AddOn_v0_1.cs,Ambiguity between 'CG_NT8_AutoDeployer_AddOn_v0_1.rootDir' and 'CG_NT8_AutoDeployer_AddOn_v0_1.rootDir',CS0229,90,36,
CG_NT8_AutoDeployer_AddOn_v0_1.cs,Ambiguity between 'CG_NT8_AutoDeployer_AddOn_v0_1.hooksDir' and 'CG_NT8_AutoDeployer_AddOn_v0_1.hooksDir',CS0229,91,13,
CG_NT8_AutoDeployer_AddOn_v0_1.cs,Ambiguity between 'CG_NT8_AutoDeployer_AddOn_v0_1.rootDir' and 'CG_NT8_AutoDeployer_AddOn_v0_1.rootDir',CS0229,91,37,
CG_NT8_AutoDeployer_AddOn_v0_1.cs,Ambiguity between 'CG_NT8_AutoDeployer_AddOn_v0_1.configDir' and 'CG_NT8_AutoDeployer_AddOn_v0_1.configDir',CS0229,92,13,
CG_NT8_AutoDeployer_AddOn_v0_1.cs,Ambiguity between 'CG_NT8_AutoDeployer_AddOn_v0_1.rootDir' and 'CG_NT8_AutoDeployer_AddOn_v0_1.rootDir',CS0229,92,38,
CG_NT8_AutoDeployer_AddOn_v0_1.cs,Ambiguity between 'CG_NT8_AutoDeployer_AddOn_v0_1.strategiesDir' and 'CG_NT8_AutoDeployer_AddOn_v0_1.strategiesDir',CS0229,95,13,
CG_NT8_AutoDeployer_AddOn_v0_1.cs,Ambiguity between 'CG_NT8_AutoDeployer_AddOn_v0_1.rootDir' and 'CG_NT8_AutoDeployer_AddOn_v0_1.rootDir',CS0229,97,39,
CG_NT8_AutoDeployer_AddOn_v0_1.cs,Ambiguity between 'CG_NT8_AutoDeployer_AddOn_v0_1.inboxDir' and 'CG_NT8_AutoDeployer_AddOn_v0_1.inboxDir',CS0229,98,39,
CG_NT8_AutoDeployer_AddOn_v0_1.cs,Ambiguity between 'CG_NT8_AutoDeployer_AddOn_v0_1.archiveDir' and 'CG_NT8_AutoDeployer_AddOn_v0_1.archiveDir',CS0229,99,39,
CG_NT8_AutoDeployer_AddOn_v0_1.cs,Ambiguity between 'CG_NT8_AutoDeployer_AddOn_v0_1.logsDir' and 'CG_NT8_AutoDeployer_AddOn_v0_1.logsDir',CS0229,100,39,
CG_NT8_AutoDeployer_AddOn_v0_1.cs,Ambiguity between 'CG_NT8_AutoDeployer_AddOn_v0_1.hooksDir' and 'CG_NT8_AutoDeployer_AddOn_v0_1.hooksDir',CS0229,101,39,
CG_NT8_AutoDeployer_AddOn_v0_1.cs,Ambiguity between 'CG_NT8_AutoDeployer_AddOn_v0_1.configDir' and 'CG_NT8_AutoDeployer_AddOn_v0_1.configDir',CS0229,102,39,
CG_NT8_AutoDeployer_AddOn_v0_1.cs,Ambiguity between 'CG_NT8_AutoDeployer_AddOn_v0_1.strategiesDir' and 'CG_NT8_AutoDeployer_AddOn_v0_1.strategiesDir',CS0229,103,39,
CG_NT8_AutoDeployer_AddOn_v0_1.cs,Ambiguity between 'CG_NT8_AutoDeployer_AddOn_v0_1.watcher' and 'CG_NT8_AutoDeployer_AddOn_v0_1.watcher',CS0229,108,13,
CG_NT8_AutoDeployer_AddOn_v0_1.cs,Ambiguity between 'CG_NT8_AutoDeployer_AddOn_v0_1.inboxDir' and 'CG_NT8_AutoDeployer_AddOn_v0_1.inboxDir',CS0229,108,45,
CG_NT8_AutoDeployer_AddOn_v0_1.cs,Ambiguity between 'CG_NT8_AutoDeployer_AddOn_v0_1.watcher' and 'CG_NT8_AutoDeployer_AddOn_v0_1.watcher',CS0229,109,13,
CG_NT8_AutoDeployer_AddOn_v0_1.cs,Ambiguity between 'CG_NT8_AutoDeployer_AddOn_v0_1.watcher' and 'CG_NT8_AutoDeployer_AddOn_v0_1.watcher',CS0229,110,13,
CG_NT8_AutoDeployer_AddOn_v0_1.cs,Ambiguity between 'CG_NT8_AutoDeployer_AddOn_v0_1.watcher' and 'CG_NT8_AutoDeployer_AddOn_v0_1.watcher',CS0229,111,13,
CG_NT8_AutoDeployer_AddOn_v0_1.cs,Ambiguity between 'CG_NT8_AutoDeployer_AddOn_v0_1.watcher' and 'CG_NT8_AutoDeployer_AddOn_v0_1.watcher',CS0229,112,13,
CG_NT8_AutoDeployer_AddOn_v0_1.cs,Ambiguity between 'CG_NT8_AutoDeployer_AddOn_v0_1.watcher' and 'CG_NT8_AutoDeployer_AddOn_v0_1.watcher',CS0229,113,13,
CG_NT8_AutoDeployer_AddOn_v0_1.cs,Ambiguity between 'CG_NT8_AutoDeployer_AddOn_v0_1.watcher' and 'CG_NT8_AutoDeployer_AddOn_v0_1.watcher',CS0229,114,13,
CG_NT8_AutoDeployer_AddOn_v0_1.cs,Ambiguity between 'CG_NT8_AutoDeployer_AddOn_v0_1.watcher' and 'CG_NT8_AutoDeployer_AddOn_v0_1.watcher',CS0229,115,13,
CG_NT8_AutoDeployer_AddOn_v0_1.cs,Ambiguity between 'CG_NT8_AutoDeployer_AddOn_v0_1.inboxDir' and 'CG_NT8_AutoDeployer_AddOn_v0_1.inboxDir',CS0229,118,56,
CG_NT8_AutoDeployer_AddOn_v0_1.cs,The call is ambiguous between the following methods or properties: 'CG_NT8_AutoDeployer_AddOn_v0_1.ProcessInboundFile(string)' and 'CG_NT8_AutoDeployer_AddOn_v0_1.ProcessInboundFile(string)',CS0121,119,17,
CG_NT8_AutoDeployer_AddOn_v0_1.cs,Ambiguity between 'CG_NT8_AutoDeployer_AddOn_v0_1.watcher' and 'CG_NT8_AutoDeployer_AddOn_v0_1.watcher',CS0229,126,21,
CG_NT8_AutoDeployer_AddOn_v0_1.cs,Ambiguity between 'CG_NT8_AutoDeployer_AddOn_v0_1.watcher' and 'CG_NT8_AutoDeployer_AddOn_v0_1.watcher',CS0229,128,21,
CG_NT8_AutoDeployer_AddOn_v0_1.cs,Ambiguity between 'CG_NT8_AutoDeployer_AddOn_v0_1.watcher' and 'CG_NT8_AutoDeployer_AddOn_v0_1.watcher',CS0229,129,21,
CG_NT8_AutoDeployer_AddOn_v0_1.cs,Ambiguity between 'CG_NT8_AutoDeployer_AddOn_v0_1.watcher' and 'CG_NT8_AutoDeployer_AddOn_v0_1.watcher',CS0229,130,21,
CG_NT8_AutoDeployer_AddOn_v0_1.cs,Ambiguity between 'CG_NT8_AutoDeployer_AddOn_v0_1.watcher' and 'CG_NT8_AutoDeployer_AddOn_v0_1.watcher',CS0229,131,21,
CG_NT8_AutoDeployer_AddOn_v0_1.cs,Ambiguity between 'CG_NT8_AutoDeployer_AddOn_v0_1.watcher' and 'CG_NT8_AutoDeployer_AddOn_v0_1.watcher',CS0229,132,21,
CG_NT8_AutoDeployer_AddOn_v0_1.cs,Ambiguity between 'CG_NT8_AutoDeployer_AddOn_v0_1.watcher' and 'CG_NT8_AutoDeployer_AddOn_v0_1.watcher',CS0229,133,21,
CG_NT8_AutoDeployer_AddOn_v0_1.cs,The call is ambiguous between the following methods or properties: 'CG_NT8_AutoDeployer_AddOn_v0_1.ProcessInboundFile(string)' and 'CG_NT8_AutoDeployer_AddOn_v0_1.ProcessInboundFile(string)',CS0121,145,17,
CG_NT8_AutoDeployer_AddOn_v0_1.cs,Ambiguity between 'CG_NT8_AutoDeployer_AddOn_v0_1.sync' and 'CG_NT8_AutoDeployer_AddOn_v0_1.sync',CS0229,151,19,
CG_NT8_AutoDeployer_AddOn_v0_1.cs,The call is ambiguous between the following methods or properties: 'CG_NT8_AutoDeployer_AddOn_v0_1.IsFileReady(string)' and 'CG_NT8_AutoDeployer_AddOn_v0_1.IsFileReady(string)',CS0121,158,26,
CG_NT8_AutoDeployer_AddOn_v0_1.cs,The call is ambiguous between the following methods or properties: 'CG_NT8_AutoDeployer_AddOn_v0_1.Log(string string)' and 'CG_NT8_AutoDeployer_AddOn_v0_1.Log(string string)',CS0121,160,25,
CG_NT8_AutoDeployer_AddOn_v0_1.cs,The call is ambiguous between the following methods or properties: 'CG_NT8_AutoDeployer_AddOn_v0_1.InstallStrategyFile(string)' and 'CG_NT8_AutoDeployer_AddOn_v0_1.InstallStrategyFile(string)',CS0121,167,25,
CG_NT8_AutoDeployer_AddOn_v0_1.cs,The call is ambiguous between the following methods or properties: 'CG_NT8_AutoDeployer_AddOn_v0_1.InstallConfigFile(string)' and 'CG_NT8_AutoDeployer_AddOn_v0_1.InstallConfigFile(string)',CS0121,169,25,
CG_NT8_AutoDeployer_AddOn_v0_1.cs,The call is ambiguous between the following methods or properties: 'CG_NT8_AutoDeployer_AddOn_v0_1.Log(string string)' and 'CG_NT8_AutoDeployer_AddOn_v0_1.Log(string string)',CS0121,171,25,
CG_NT8_AutoDeployer_AddOn_v0_1.cs,The call is ambiguous between the following methods or properties: 'CG_NT8_AutoDeployer_AddOn_v0_1.Log(string string)' and 'CG_NT8_AutoDeployer_AddOn_v0_1.Log(string string)',CS0121,175,21,
CG_NT8_AutoDeployer_AddOn_v0_1.cs,Ambiguity between 'CG_NT8_AutoDeployer_AddOn_v0_1.strategiesDir' and 'CG_NT8_AutoDeployer_AddOn_v0_1.strategiesDir',CS0229,196,44,
CG_NT8_AutoDeployer_AddOn_v0_1.cs,Ambiguity between 'CG_NT8_AutoDeployer_AddOn_v0_1.archiveDir' and 'CG_NT8_AutoDeployer_AddOn_v0_1.archiveDir',CS0229,202,50,
CG_NT8_AutoDeployer_AddOn_v0_1.cs,The call is ambiguous between the following methods or properties: 'CG_NT8_AutoDeployer_AddOn_v0_1.Log(string string)' and 'CG_NT8_AutoDeployer_AddOn_v0_1.Log(string string)',CS0121,204,17,
CG_NT8_AutoDeployer_AddOn_v0_1.cs,The call is ambiguous between the following methods or properties: 'CG_NT8_AutoDeployer_AddOn_v0_1.Log(string string)' and 'CG_NT8_AutoDeployer_AddOn_v0_1.Log(string string)',CS0121,208,13,
CG_NT8_AutoDeployer_AddOn_v0_1.cs,Ambiguity between 'CG_NT8_AutoDeployer_AddOn_v0_1.rootDir' and 'CG_NT8_AutoDeployer_AddOn_v0_1.rootDir',CS0229,210,48,
CG_NT8_AutoDeployer_AddOn_v0_1.cs,The call is ambiguous between the following methods or properties: 'CG_NT8_AutoDeployer_AddOn_v0_1.RequestCompile(string)' and 'CG_NT8_AutoDeployer_AddOn_v0_1.RequestCompile(string)',CS0121,214,13,
CG_NT8_AutoDeployer_AddOn_v0_1.cs,The call is ambiguous between the following methods or properties: 'CG_NT8_AutoDeployer_AddOn_v0_1.RunDeployHook(string)' and 'CG_NT8_AutoDeployer_AddOn_v0_1.RunDeployHook(string)',CS0121,215,13,
CG_NT8_AutoDeployer_AddOn_v0_1.cs,Ambiguity between 'CG_NT8_AutoDeployer_AddOn_v0_1.configDir' and 'CG_NT8_AutoDeployer_AddOn_v0_1.configDir',CS0229,221,44,
CG_NT8_AutoDeployer_AddOn_v0_1.cs,The call is ambiguous between the following methods or properties: 'CG_NT8_AutoDeployer_AddOn_v0_1.Log(string string)' and 'CG_NT8_AutoDeployer_AddOn_v0_1.Log(string string)',CS0121,223,13,
CG_NT8_AutoDeployer_AddOn_v0_1.cs,Ambiguity between 'CG_NT8_AutoDeployer_AddOn_v0_1.rootDir' and 'CG_NT8_AutoDeployer_AddOn_v0_1.rootDir',CS0229,225,48,
CG_NT8_AutoDeployer_AddOn_v0_1.cs,Ambiguity between 'CG_NT8_AutoDeployer_AddOn_v0_1.rootDir' and 'CG_NT8_AutoDeployer_AddOn_v0_1.rootDir',CS0229,232,44,
CG_NT8_AutoDeployer_AddOn_v0_1.cs,The call is ambiguous between the following methods or properties: 'CG_NT8_AutoDeployer_AddOn_v0_1.Log(string string)' and 'CG_NT8_AutoDeployer_AddOn_v0_1.Log(string string)',CS0121,236,13,
CG_NT8_AutoDeployer_AddOn_v0_1.cs,Ambiguity between 'CG_NT8_AutoDeployer_AddOn_v0_1.hooksDir' and 'CG_NT8_AutoDeployer_AddOn_v0_1.hooksDir',CS0229,243,44,
CG_NT8_AutoDeployer_AddOn_v0_1.cs,The call is ambiguous between the following methods or properties: 'CG_NT8_AutoDeployer_AddOn_v0_1.Log(string string)' and 'CG_NT8_AutoDeployer_AddOn_v0_1.Log(string string)',CS0121,246,21,
CG_NT8_AutoDeployer_AddOn_v0_1.cs,The call is ambiguous between the following methods or properties: 'CG_NT8_AutoDeployer_AddOn_v0_1.Log(string string)' and 'CG_NT8_AutoDeployer_AddOn_v0_1.Log(string string)',CS0121,257,17,
CG_NT8_AutoDeployer_AddOn_v0_1.cs,The call is ambiguous between the following methods or properties: 'CG_NT8_AutoDeployer_AddOn_v0_1.Log(string string)' and 'CG_NT8_AutoDeployer_AddOn_v0_1.Log(string string)',CS0121,261,17,
CG_NT8_AutoDeployer_AddOn_v0_1.cs,Ambiguity between 'CG_NT8_AutoDeployer_AddOn_v0_1.logsDir' and 'CG_NT8_AutoDeployer_AddOn_v0_1.logsDir',CS0229,269,42,
CG_NT8_AutoDeployer_AddOn_v0_1.cs,Ambiguity between 'CG_NT8_AutoDeployer_AddOn_v0_1.logsDir' and 'CG_NT8_AutoDeployer_AddOn_v0_1.logsDir',CS0229,272,43,
CG_NT8_AutoDeployer_AddOn_v0_1.cs,Ambiguity between 'CG_NT8_AutoDeployer_AddOn_v0_1.logsDir' and 'CG_NT8_AutoDeployer_AddOn_v0_1.logsDir',CS0229,273,47,
20260509_103333_CG_NT8_AutoDeployer_AddOn_v0_1.cs,The call is ambiguous between the following methods or properties: 'CG_NT8_AutoDeployer_AddOn_v0_1.InitializePaths()' and 'CG_NT8_AutoDeployer_AddOn_v0_1.InitializePaths()',CS0121,69,21,
20260509_103333_CG_NT8_AutoDeployer_AddOn_v0_1.cs,The call is ambiguous between the following methods or properties: 'CG_NT8_AutoDeployer_AddOn_v0_1.StartWatcher()' and 'CG_NT8_AutoDeployer_AddOn_v0_1.StartWatcher()',CS0121,70,21,
20260509_103333_CG_NT8_AutoDeployer_AddOn_v0_1.cs,The call is ambiguous between the following methods or properties: 'CG_NT8_AutoDeployer_AddOn_v0_1.Log(string string)' and 'CG_NT8_AutoDeployer_AddOn_v0_1.Log(string string)',CS0121,71,21,
20260509_103333_CG_NT8_AutoDeployer_AddOn_v0_1.cs,The call is ambiguous between the following methods or properties: 'CG_NT8_AutoDeployer_AddOn_v0_1.Log(string string)' and 'CG_NT8_AutoDeployer_AddOn_v0_1.Log(string string)',CS0121,75,21,
20260509_103333_CG_NT8_AutoDeployer_AddOn_v0_1.cs,The call is ambiguous between the following methods or properties: 'CG_NT8_AutoDeployer_AddOn_v0_1.StopWatcher()' and 'CG_NT8_AutoDeployer_AddOn_v0_1.StopWatcher()',CS0121,80,17,
20260509_103333_CG_NT8_AutoDeployer_AddOn_v0_1.cs,The call is ambiguous between the following methods or properties: 'CG_NT8_AutoDeployer_AddOn_v0_1.Log(string string)' and 'CG_NT8_AutoDeployer_AddOn_v0_1.Log(string string)',CS0121,81,17,
20260509_103333_CG_NT8_AutoDeployer_AddOn_v0_1.cs,Ambiguity between 'CG_NT8_AutoDeployer_AddOn_v0_1.rootDir' and 'CG_NT8_AutoDeployer_AddOn_v0_1.rootDir',CS0229,87,13,
20260509_103333_CG_NT8_AutoDeployer_AddOn_v0_1.cs,Ambiguity between 'CG_NT8_AutoDeployer_AddOn_v0_1.inboxDir' and 'CG_NT8_AutoDeployer_AddOn_v0_1.inboxDir',CS0229,88,13,
20260509_103333_CG_NT8_AutoDeployer_AddOn_v0_1.cs,Ambiguity between 'CG_NT8_AutoDeployer_AddOn_v0_1.rootDir' and 'CG_NT8_AutoDeployer_AddOn_v0_1.rootDir',CS0229,88,37,
20260509_103333_CG_NT8_AutoDeployer_AddOn_v0_1.cs,Ambiguity between 'CG_NT8_AutoDeployer_AddOn_v0_1.archiveDir' and 'CG_NT8_AutoDeployer_AddOn_v0_1.archiveDir',CS0229,89,13,
20260509_103333_CG_NT8_AutoDeployer_AddOn_v0_1.cs,Ambiguity between 'CG_NT8_AutoDeployer_AddOn_v0_1.rootDir' and 'CG_NT8_AutoDeployer_AddOn_v0_1.rootDir',CS0229,89,39,
20260509_103333_CG_NT8_AutoDeployer_AddOn_v0_1.cs,Ambiguity between 'CG_NT8_AutoDeployer_AddOn_v0_1.logsDir' and 'CG_NT8_AutoDeployer_AddOn_v0_1.logsDir',CS0229,90,13,
20260509_103333_CG_NT8_AutoDeployer_AddOn_v0_1.cs,Ambiguity between 'CG_NT8_AutoDeployer_AddOn_v0_1.rootDir' and 'CG_NT8_AutoDeployer_AddOn_v0_1.rootDir',CS0229,90,36,
20260509_103333_CG_NT8_AutoDeployer_AddOn_v0_1.cs,Ambiguity between 'CG_NT8_AutoDeployer_AddOn_v0_1.hooksDir' and 'CG_NT8_AutoDeployer_AddOn_v0_1.hooksDir',CS0229,91,13,
20260509_103333_CG_NT8_AutoDeployer_AddOn_v0_1.cs,Ambiguity between 'CG_NT8_AutoDeployer_AddOn_v0_1.rootDir' and 'CG_NT8_AutoDeployer_AddOn_v0_1.rootDir',CS0229,91,37,
20260509_103333_CG_NT8_AutoDeployer_AddOn_v0_1.cs,Ambiguity between 'CG_NT8_AutoDeployer_AddOn_v0_1.configDir' and 'CG_NT8_AutoDeployer_AddOn_v0_1.configDir',CS0229,92,13,
20260509_103333_CG_NT8_AutoDeployer_AddOn_v0_1.cs,Ambiguity between 'CG_NT8_AutoDeployer_AddOn_v0_1.rootDir' and 'CG_NT8_AutoDeployer_AddOn_v0_1.rootDir',CS0229,92,38,
20260509_103333_CG_NT8_AutoDeployer_AddOn_v0_1.cs,Ambiguity between 'CG_NT8_AutoDeployer_AddOn_v0_1.strategiesDir' and 'CG_NT8_AutoDeployer_AddOn_v0_1.strategiesDir',CS0229,95,13,
20260509_103333_CG_NT8_AutoDeployer_AddOn_v0_1.cs,Ambiguity between 'CG_NT8_AutoDeployer_AddOn_v0_1.rootDir' and 'CG_NT8_AutoDeployer_AddOn_v0_1.rootDir',CS0229,97,39,
20260509_103333_CG_NT8_AutoDeployer_AddOn_v0_1.cs,Ambiguity between 'CG_NT8_AutoDeployer_AddOn_v0_1.inboxDir' and 'CG_NT8_AutoDeployer_AddOn_v0_1.inboxDir',CS0229,98,39,
20260509_103333_CG_NT8_AutoDeployer_AddOn_v0_1.cs,Ambiguity between 'CG_NT8_AutoDeployer_AddOn_v0_1.archiveDir' and 'CG_NT8_AutoDeployer_AddOn_v0_1.archiveDir',CS0229,99,39,
20260509_103333_CG_NT8_AutoDeployer_AddOn_v0_1.cs,Ambiguity between 'CG_NT8_AutoDeployer_AddOn_v0_1.logsDir' and 'CG_NT8_AutoDeployer_AddOn_v0_1.logsDir',CS0229,100,39,
20260509_103333_CG_NT8_AutoDeployer_AddOn_v0_1.cs,Ambiguity between 'CG_NT8_AutoDeployer_AddOn_v0_1.hooksDir' and 'CG_NT8_AutoDeployer_AddOn_v0_1.hooksDir',CS0229,101,39,
20260509_103333_CG_NT8_AutoDeployer_AddOn_v0_1.cs,Ambiguity between 'CG_NT8_AutoDeployer_AddOn_v0_1.configDir' and 'CG_NT8_AutoDeployer_AddOn_v0_1.configDir',CS0229,102,39,
20260509_103333_CG_NT8_AutoDeployer_AddOn_v0_1.cs,Ambiguity between 'CG_NT8_AutoDeployer_AddOn_v0_1.strategiesDir' and 'CG_NT8_AutoDeployer_AddOn_v0_1.strategiesDir',CS0229,103,39,
20260509_103333_CG_NT8_AutoDeployer_AddOn_v0_1.cs,Ambiguity between 'CG_NT8_AutoDeployer_AddOn_v0_1.watcher' and 'CG_NT8_AutoDeployer_AddOn_v0_1.watcher',CS0229,108,13,
20260509_103333_CG_NT8_AutoDeployer_AddOn_v0_1.cs,Ambiguity between 'CG_NT8_AutoDeployer_AddOn_v0_1.inboxDir' and 'CG_NT8_AutoDeployer_AddOn_v0_1.inboxDir',CS0229,108,45,
20260509_103333_CG_NT8_AutoDeployer_AddOn_v0_1.cs,Ambiguity between 'CG_NT8_AutoDeployer_AddOn_v0_1.watcher' and 'CG_NT8_AutoDeployer_AddOn_v0_1.watcher',CS0229,109,13,
20260509_103333_CG_NT8_AutoDeployer_AddOn_v0_1.cs,Ambiguity between 'CG_NT8_AutoDeployer_AddOn_v0_1.watcher' and 'CG_NT8_AutoDeployer_AddOn_v0_1.watcher',CS0229,110,13,
20260509_103333_CG_NT8_AutoDeployer_AddOn_v0_1.cs,Ambiguity between 'CG_NT8_AutoDeployer_AddOn_v0_1.watcher' and 'CG_NT8_AutoDeployer_AddOn_v0_1.watcher',CS0229,111,13,
20260509_103333_CG_NT8_AutoDeployer_AddOn_v0_1.cs,Ambiguity between 'CG_NT8_AutoDeployer_AddOn_v0_1.watcher' and 'CG_NT8_AutoDeployer_AddOn_v0_1.watcher',CS0229,112,13,
20260509_103333_CG_NT8_AutoDeployer_AddOn_v0_1.cs,Ambiguity between 'CG_NT8_AutoDeployer_AddOn_v0_1.watcher' and 'CG_NT8_AutoDeployer_AddOn_v0_1.watcher',CS0229,113,13,
20260509_103333_CG_NT8_AutoDeployer_AddOn_v0_1.cs,Ambiguity between 'CG_NT8_AutoDeployer_AddOn_v0_1.watcher' and 'CG_NT8_AutoDeployer_AddOn_v0_1.watcher',CS0229,114,13,
20260509_103333_CG_NT8_AutoDeployer_AddOn_v0_1.cs,Ambiguity between 'CG_NT8_AutoDeployer_AddOn_v0_1.watcher' and 'CG_NT8_AutoDeployer_AddOn_v0_1.watcher',CS0229,115,13,
20260509_103333_CG_NT8_AutoDeployer_AddOn_v0_1.cs,Ambiguity between 'CG_NT8_AutoDeployer_AddOn_v0_1.inboxDir' and 'CG_NT8_AutoDeployer_AddOn_v0_1.inboxDir',CS0229,118,56,
20260509_103333_CG_NT8_AutoDeployer_AddOn_v0_1.cs,The call is ambiguous between the following methods or properties: 'CG_NT8_AutoDeployer_AddOn_v0_1.ProcessInboundFile(string)' and 'CG_NT8_AutoDeployer_AddOn_v0_1.ProcessInboundFile(string)',CS0121,119,17,
20260509_103333_CG_NT8_AutoDeployer_AddOn_v0_1.cs,Ambiguity between 'CG_NT8_AutoDeployer_AddOn_v0_1.watcher' and 'CG_NT8_AutoDeployer_AddOn_v0_1.watcher',CS0229,126,21,
20260509_103333_CG_NT8_AutoDeployer_AddOn_v0_1.cs,Ambiguity between 'CG_NT8_AutoDeployer_AddOn_v0_1.watcher' and 'CG_NT8_AutoDeployer_AddOn_v0_1.watcher',CS0229,128,21,
20260509_103333_CG_NT8_AutoDeployer_AddOn_v0_1.cs,Ambiguity between 'CG_NT8_AutoDeployer_AddOn_v0_1.watcher' and 'CG_NT8_AutoDeployer_AddOn_v0_1.watcher',CS0229,129,21,
20260509_103333_CG_NT8_AutoDeployer_AddOn_v0_1.cs,Ambiguity between 'CG_NT8_AutoDeployer_AddOn_v0_1.watcher' and 'CG_NT8_AutoDeployer_AddOn_v0_1.watcher',CS0229,130,21,
20260509_103333_CG_NT8_AutoDeployer_AddOn_v0_1.cs,Ambiguity between 'CG_NT8_AutoDeployer_AddOn_v0_1.watcher' and 'CG_NT8_AutoDeployer_AddOn_v0_1.watcher',CS0229,131,21,
20260509_103333_CG_NT8_AutoDeployer_AddOn_v0_1.cs,Ambiguity between 'CG_NT8_AutoDeployer_AddOn_v0_1.watcher' and 'CG_NT8_AutoDeployer_AddOn_v0_1.watcher',CS0229,132,21,
20260509_103333_CG_NT8_AutoDeployer_AddOn_v0_1.cs,Ambiguity between 'CG_NT8_AutoDeployer_AddOn_v0_1.watcher' and 'CG_NT8_AutoDeployer_AddOn_v0_1.watcher',CS0229,133,21,
20260509_103333_CG_NT8_AutoDeployer_AddOn_v0_1.cs,The call is ambiguous between the following methods or properties: 'CG_NT8_AutoDeployer_AddOn_v0_1.ProcessInboundFile(string)' and 'CG_NT8_AutoDeployer_AddOn_v0_1.ProcessInboundFile(string)',CS0121,145,17,
20260509_103333_CG_NT8_AutoDeployer_AddOn_v0_1.cs,Ambiguity between 'CG_NT8_AutoDeployer_AddOn_v0_1.sync' and 'CG_NT8_AutoDeployer_AddOn_v0_1.sync',CS0229,151,19,
20260509_103333_CG_NT8_AutoDeployer_AddOn_v0_1.cs,The call is ambiguous between the following methods or properties: 'CG_NT8_AutoDeployer_AddOn_v0_1.IsFileReady(string)' and 'CG_NT8_AutoDeployer_AddOn_v0_1.IsFileReady(string)',CS0121,158,26,
20260509_103333_CG_NT8_AutoDeployer_AddOn_v0_1.cs,The call is ambiguous between the following methods or properties: 'CG_NT8_AutoDeployer_AddOn_v0_1.Log(string string)' and 'CG_NT8_AutoDeployer_AddOn_v0_1.Log(string string)',CS0121,160,25,
20260509_103333_CG_NT8_AutoDeployer_AddOn_v0_1.cs,The call is ambiguous between the following methods or properties: 'CG_NT8_AutoDeployer_AddOn_v0_1.InstallStrategyFile(string)' and 'CG_NT8_AutoDeployer_AddOn_v0_1.InstallStrategyFile(string)',CS0121,167,25,
20260509_103333_CG_NT8_AutoDeployer_AddOn_v0_1.cs,The call is ambiguous between the following methods or properties: 'CG_NT8_AutoDeployer_AddOn_v0_1.InstallConfigFile(string)' and 'CG_NT8_AutoDeployer_AddOn_v0_1.InstallConfigFile(string)',CS0121,169,25,
20260509_103333_CG_NT8_AutoDeployer_AddOn_v0_1.cs,The call is ambiguous between the following methods or properties: 'CG_NT8_AutoDeployer_AddOn_v0_1.Log(string string)' and 'CG_NT8_AutoDeployer_AddOn_v0_1.Log(string string)',CS0121,171,25,
20260509_103333_CG_NT8_AutoDeployer_AddOn_v0_1.cs,The call is ambiguous between the following methods or properties: 'CG_NT8_AutoDeployer_AddOn_v0_1.Log(string string)' and 'CG_NT8_AutoDeployer_AddOn_v0_1.Log(string string)',CS0121,175,21,
20260509_103333_CG_NT8_AutoDeployer_AddOn_v0_1.cs,Ambiguity between 'CG_NT8_AutoDeployer_AddOn_v0_1.strategiesDir' and 'CG_NT8_AutoDeployer_AddOn_v0_1.strategiesDir',CS0229,196,44,
20260509_103333_CG_NT8_AutoDeployer_AddOn_v0_1.cs,Ambiguity between 'CG_NT8_AutoDeployer_AddOn_v0_1.archiveDir' and 'CG_NT8_AutoDeployer_AddOn_v0_1.archiveDir',CS0229,202,50,
20260509_103333_CG_NT8_AutoDeployer_AddOn_v0_1.cs,The call is ambiguous between the following methods or properties: 'CG_NT8_AutoDeployer_AddOn_v0_1.Log(string string)' and 'CG_NT8_AutoDeployer_AddOn_v0_1.Log(string string)',CS0121,204,17,
20260509_103333_CG_NT8_AutoDeployer_AddOn_v0_1.cs,The call is ambiguous between the following methods or properties: 'CG_NT8_AutoDeployer_AddOn_v0_1.Log(string string)' and 'CG_NT8_AutoDeployer_AddOn_v0_1.Log(string string)',CS0121,208,13,
20260509_103333_CG_NT8_AutoDeployer_AddOn_v0_1.cs,Ambiguity between 'CG_NT8_AutoDeployer_AddOn_v0_1.rootDir' and 'CG_NT8_AutoDeployer_AddOn_v0_1.rootDir',CS0229,210,48,
20260509_103333_CG_NT8_AutoDeployer_AddOn_v0_1.cs,The call is ambiguous between the following methods or properties: 'CG_NT8_AutoDeployer_AddOn_v0_1.RequestCompile(string)' and 'CG_NT8_AutoDeployer_AddOn_v0_1.RequestCompile(string)',CS0121,214,13,
20260509_103333_CG_NT8_AutoDeployer_AddOn_v0_1.cs,The call is ambiguous between the following methods or properties: 'CG_NT8_AutoDeployer_AddOn_v0_1.RunDeployHook(string)' and 'CG_NT8_AutoDeployer_AddOn_v0_1.RunDeployHook(string)',CS0121,215,13,
20260509_103333_CG_NT8_AutoDeployer_AddOn_v0_1.cs,Ambiguity between 'CG_NT8_AutoDeployer_AddOn_v0_1.configDir' and 'CG_NT8_AutoDeployer_AddOn_v0_1.configDir',CS0229,221,44,
20260509_103333_CG_NT8_AutoDeployer_AddOn_v0_1.cs,The call is ambiguous between the following methods or properties: 'CG_NT8_AutoDeployer_AddOn_v0_1.Log(string string)' and 'CG_NT8_AutoDeployer_AddOn_v0_1.Log(string string)',CS0121,223,13,
20260509_103333_CG_NT8_AutoDeployer_AddOn_v0_1.cs,Ambiguity between 'CG_NT8_AutoDeployer_AddOn_v0_1.rootDir' and 'CG_NT8_AutoDeployer_AddOn_v0_1.rootDir',CS0229,225,48,
20260509_103333_CG_NT8_AutoDeployer_AddOn_v0_1.cs,Ambiguity between 'CG_NT8_AutoDeployer_AddOn_v0_1.rootDir' and 'CG_NT8_AutoDeployer_AddOn_v0_1.rootDir',CS0229,232,44,
20260509_103333_CG_NT8_AutoDeployer_AddOn_v0_1.cs,The call is ambiguous between the following methods or properties: 'CG_NT8_AutoDeployer_AddOn_v0_1.Log(string string)' and 'CG_NT8_AutoDeployer_AddOn_v0_1.Log(string string)',CS0121,236,13,
20260509_103333_CG_NT8_AutoDeployer_AddOn_v0_1.cs,Ambiguity between 'CG_NT8_AutoDeployer_AddOn_v0_1.hooksDir' and 'CG_NT8_AutoDeployer_AddOn_v0_1.hooksDir',CS0229,243,44,
20260509_103333_CG_NT8_AutoDeployer_AddOn_v0_1.cs,The call is ambiguous between the following methods or properties: 'CG_NT8_AutoDeployer_AddOn_v0_1.Log(string string)' and 'CG_NT8_AutoDeployer_AddOn_v0_1.Log(string string)',CS0121,246,21,
20260509_103333_CG_NT8_AutoDeployer_AddOn_v0_1.cs,The call is ambiguous between the following methods or properties: 'CG_NT8_AutoDeployer_AddOn_v0_1.Log(string string)' and 'CG_NT8_AutoDeployer_AddOn_v0_1.Log(string string)',CS0121,257,17,
20260509_103333_CG_NT8_AutoDeployer_AddOn_v0_1.cs,The call is ambiguous between the following methods or properties: 'CG_NT8_AutoDeployer_AddOn_v0_1.Log(string string)' and 'CG_NT8_AutoDeployer_AddOn_v0_1.Log(string string)',CS0121,261,17,
20260509_103333_CG_NT8_AutoDeployer_AddOn_v0_1.cs,Ambiguity between 'CG_NT8_AutoDeployer_AddOn_v0_1.logsDir' and 'CG_NT8_AutoDeployer_AddOn_v0_1.logsDir',CS0229,269,42,
20260509_103333_CG_NT8_AutoDeployer_AddOn_v0_1.cs,Ambiguity between 'CG_NT8_AutoDeployer_AddOn_v0_1.logsDir' and 'CG_NT8_AutoDeployer_AddOn_v0_1.logsDir',CS0229,272,43,
20260509_103333_CG_NT8_AutoDeployer_AddOn_v0_1.cs,Ambiguity between 'CG_NT8_AutoDeployer_AddOn_v0_1.logsDir' and 'CG_NT8_AutoDeployer_AddOn_v0_1.logsDir',CS0229,273,47,
20260509_121548_CG_MNQ_DeployShell_v1_11.cs,Ambiguity between 'CG_MNQ_DeployShell_v1_11.SignalMode' and 'CG_MNQ_DeployShell_v1_11.SignalMode',CS0229,185,17,
20260509_121548_CG_MNQ_DeployShell_v1_11.cs,Ambiguity between 'CG_MNQ_DeployShell_v1_11.BreakoutLookbackTicks' and 'CG_MNQ_DeployShell_v1_11.BreakoutLookbackTicks',CS0229,186,17,
20260509_121548_CG_MNQ_DeployShell_v1_11.cs,Ambiguity between 'CG_MNQ_DeployShell_v1_11.BreakoutBufferTicks' and 'CG_MNQ_DeployShell_v1_11.BreakoutBufferTicks',CS0229,187,17,
20260509_121548_CG_MNQ_DeployShell_v1_11.cs,Ambiguity between 'CG_MNQ_DeployShell_v1_11.MomentumLookbackMinutes' and 'CG_MNQ_DeployShell_v1_11.MomentumLookbackMinutes',CS0229,188,17,
20260509_121548_CG_MNQ_DeployShell_v1_11.cs,Ambiguity between 'CG_MNQ_DeployShell_v1_11.MinMomentumTicks' and 'CG_MNQ_DeployShell_v1_11.MinMomentumTicks',CS0229,189,17,
20260509_121548_CG_MNQ_DeployShell_v1_11.cs,Ambiguity between 'CG_MNQ_DeployShell_v1_11.CooldownSeconds' and 'CG_MNQ_DeployShell_v1_11.CooldownSeconds',CS0229,190,17,
20260509_121548_CG_MNQ_DeployShell_v1_11.cs,Ambiguity between 'CG_MNQ_DeployShell_v1_11.TargetTicks' and 'CG_MNQ_DeployShell_v1_11.TargetTicks',CS0229,192,17,
20260509_121548_CG_MNQ_DeployShell_v1_11.cs,Ambiguity between 'CG_MNQ_DeployShell_v1_11.StopTicks' and 'CG_MNQ_DeployShell_v1_11.StopTicks',CS0229,193,17,
20260509_121548_CG_MNQ_DeployShell_v1_11.cs,Ambiguity between 'CG_MNQ_DeployShell_v1_11.MaxHoldSeconds' and 'CG_MNQ_DeployShell_v1_11.MaxHoldSeconds',CS0229,194,17,
20260509_121548_CG_MNQ_DeployShell_v1_11.cs,Ambiguity between 'CG_MNQ_DeployShell_v1_11.MaxEntrySpreadTicks' and 'CG_MNQ_DeployShell_v1_11.MaxEntrySpreadTicks',CS0229,195,17,
20260509_121548_CG_MNQ_DeployShell_v1_11.cs,Ambiguity between 'CG_MNQ_DeployShell_v1_11.MaxRuntimeSpreadTicks' and 'CG_MNQ_DeployShell_v1_11.MaxRuntimeSpreadTicks',CS0229,196,17,
20260509_121548_CG_MNQ_DeployShell_v1_11.cs,Ambiguity between 'CG_MNQ_DeployShell_v1_11.RequireRth' and 'CG_MNQ_DeployShell_v1_11.RequireRth',CS0229,198,17,
20260509_121548_CG_MNQ_DeployShell_v1_11.cs,Ambiguity between 'CG_MNQ_DeployShell_v1_11.AllowOpenLong' and 'CG_MNQ_DeployShell_v1_11.AllowOpenLong',CS0229,199,17,
20260509_121548_CG_MNQ_DeployShell_v1_11.cs,Ambiguity between 'CG_MNQ_DeployShell_v1_11.AllowMorningLong' and 'CG_MNQ_DeployShell_v1_11.AllowMorningLong',CS0229,200,17,
20260509_121548_CG_MNQ_DeployShell_v1_11.cs,Ambiguity between 'CG_MNQ_DeployShell_v1_11.AllowMorningShort' and 'CG_MNQ_DeployShell_v1_11.AllowMorningShort',CS0229,201,17,
20260509_121548_CG_MNQ_DeployShell_v1_11.cs,Ambiguity between 'CG_MNQ_DeployShell_v1_11.AllowMiddayShort' and 'CG_MNQ_DeployShell_v1_11.AllowMiddayShort',CS0229,202,17,
20260509_121548_CG_MNQ_DeployShell_v1_11.cs,Ambiguity between 'CG_MNQ_DeployShell_v1_11.AllowPowerShort' and 'CG_MNQ_DeployShell_v1_11.AllowPowerShort',CS0229,203,17,
20260509_121548_CG_MNQ_DeployShell_v1_11.cs,Ambiguity between 'CG_MNQ_DeployShell_v1_11.AllowAfternoonTrades' and 'CG_MNQ_DeployShell_v1_11.AllowAfternoonTrades',CS0229,204,17,
20260509_121548_CG_MNQ_DeployShell_v1_11.cs,Ambiguity between 'CG_MNQ_DeployShell_v1_11.MaxTradesPerDay' and 'CG_MNQ_DeployShell_v1_11.MaxTradesPerDay',CS0229,206,17,
20260509_121548_CG_MNQ_DeployShell_v1_11.cs,Ambiguity between 'CG_MNQ_DeployShell_v1_11.DailyLossLockUsd' and 'CG_MNQ_DeployShell_v1_11.DailyLossLockUsd',CS0229,207,17,
20260509_121548_CG_MNQ_DeployShell_v1_11.cs,Ambiguity between 'CG_MNQ_DeployShell_v1_11.EnableDailyLossLock' and 'CG_MNQ_DeployShell_v1_11.EnableDailyLossLock',CS0229,208,17,
20260509_121548_CG_MNQ_DeployShell_v1_11.cs,Ambiguity between 'CG_MNQ_DeployShell_v1_11.WriteTelemetry' and 'CG_MNQ_DeployShell_v1_11.WriteTelemetry',CS0229,210,17,
20260509_121548_CG_MNQ_DeployShell_v1_11.cs,Ambiguity between 'CG_MNQ_DeployShell_v1_11.TelemetryCsvPath' and 'CG_MNQ_DeployShell_v1_11.TelemetryCsvPath',CS0229,212,17,
20260509_121548_CG_MNQ_DeployShell_v1_11.cs,Ambiguity between 'CG_MNQ_DeployShell_v1_11.TargetTicks' and 'CG_MNQ_DeployShell_v1_11.TargetTicks',CS0229,219,71,
20260509_121548_CG_MNQ_DeployShell_v1_11.cs,Ambiguity between 'CG_MNQ_DeployShell_v1_11.StopTicks' and 'CG_MNQ_DeployShell_v1_11.StopTicks',CS0229,220,67,
20260509_121548_CG_MNQ_DeployShell_v1_11.cs,Ambiguity between 'CG_MNQ_DeployShell_v1_11.TargetTicks' and 'CG_MNQ_DeployShell_v1_11.TargetTicks',CS0229,221,72,
20260509_121548_CG_MNQ_DeployShell_v1_11.cs,Ambiguity between 'CG_MNQ_DeployShell_v1_11.StopTicks' and 'CG_MNQ_DeployShell_v1_11.StopTicks',CS0229,222,68,
20260509_121548_CG_MNQ_DeployShell_v1_11.cs,The call is ambiguous between the following methods or properties: 'CG_MNQ_DeployShell_v1_11.WriteTelemetryHeader()' and 'CG_MNQ_DeployShell_v1_11.WriteTelemetryHeader()',CS0121,226,17,
20260509_121548_CG_MNQ_DeployShell_v1_11.cs,The call is ambiguous between the following methods or properties: 'CG_MNQ_DeployShell_v1_11.LogTelemetry(string DateTime string string)' and 'CG_MNQ_DeployShell_v1_11.LogTelemetry(string DateTime string string)',CS0121,227,17,
20260509_121548_CG_MNQ_DeployShell_v1_11.cs,Ambiguity between 'CG_MNQ_DeployShell_v1_11.BreakoutLookbackTicks' and 'CG_MNQ_DeployShell_v1_11.BreakoutLookbackTicks',CS0229,236,43,
20260509_121548_CG_MNQ_DeployShell_v1_11.cs,Ambiguity between 'CG_MNQ_DeployShell_v1_11.MomentumLookbackMinutes' and 'CG_MNQ_DeployShell_v1_11.MomentumLookbackMinutes',CS0229,239,34,
20260509_121548_CG_MNQ_DeployShell_v1_11.cs,The call is ambiguous between the following methods or properties: 'CG_MNQ_DeployShell_v1_11.ResetSessionIfNeeded(DateTime)' and 'CG_MNQ_DeployShell_v1_11.ResetSessionIfNeeded(DateTime)',CS0121,243,13,
20260509_121548_CG_MNQ_DeployShell_v1_11.cs,The call is ambiguous between the following methods or properties: 'CG_MNQ_DeployShell_v1_11.GetCurrentBidSafe()' and 'CG_MNQ_DeployShell_v1_11.GetCurrentBidSafe()',CS0121,245,26,
20260509_121548_CG_MNQ_DeployShell_v1_11.cs,The call is ambiguous between the following methods or properties: 'CG_MNQ_DeployShell_v1_11.GetCurrentAskSafe()' and 'CG_MNQ_DeployShell_v1_11.GetCurrentAskSafe()',CS0121,246,26,
20260509_121548_CG_MNQ_DeployShell_v1_11.cs,The call is ambiguous between the following methods or properties: 'CG_MNQ_DeployShell_v1_11.GetSpreadTicks(double double)' and 'CG_MNQ_DeployShell_v1_11.GetSpreadTicks(double double)',CS0121,247,34,
20260509_121548_CG_MNQ_DeployShell_v1_11.cs,Ambiguity between 'CG_MNQ_DeployShell_v1_11.HardQuantity' and 'CG_MNQ_DeployShell_v1_11.HardQuantity',CS0229,249,37,
20260509_121548_CG_MNQ_DeployShell_v1_11.cs,The call is ambiguous between the following methods or properties: 'CG_MNQ_DeployShell_v1_11.LogTelemetry(string DateTime string string)' and 'CG_MNQ_DeployShell_v1_11.LogTelemetry(string DateTime string string)',CS0121,251,17,
20260509_121548_CG_MNQ_DeployShell_v1_11.cs,Ambiguity between 'CG_MNQ_DeployShell_v1_11.EnableDailyLossLock' and 'CG_MNQ_DeployShell_v1_11.EnableDailyLossLock',CS0229,259,17,
20260509_121548_CG_MNQ_DeployShell_v1_11.cs,Ambiguity between 'CG_MNQ_DeployShell_v1_11.dailyLocked' and 'CG_MNQ_DeployShell_v1_11.dailyLocked',CS0229,259,41,
20260509_121548_CG_MNQ_DeployShell_v1_11.cs,Ambiguity between 'CG_MNQ_DeployShell_v1_11.sessionStartCumProfit' and 'CG_MNQ_DeployShell_v1_11.sessionStartCumProfit',CS0229,261,107,
20260509_121548_CG_MNQ_DeployShell_v1_11.cs,Ambiguity between 'CG_MNQ_DeployShell_v1_11.DailyLossLockUsd' and 'CG_MNQ_DeployShell_v1_11.DailyLossLockUsd',CS0229,262,48,
20260509_121548_CG_MNQ_DeployShell_v1_11.cs,Ambiguity between 'CG_MNQ_DeployShell_v1_11.dailyLocked' and 'CG_MNQ_DeployShell_v1_11.dailyLocked',CS0229,264,21,
20260509_121548_CG_MNQ_DeployShell_v1_11.cs,The call is ambiguous between the following methods or properties: 'CG_MNQ_DeployShell_v1_11.LogTelemetry(string DateTime string string)' and 'CG_MNQ_DeployShell_v1_11.LogTelemetry(string DateTime string string)',CS0121,265,21,
20260509_121548_CG_MNQ_DeployShell_v1_11.cs,Ambiguity between 'CG_MNQ_DeployShell_v1_11.MaxRuntimeSpreadTicks' and 'CG_MNQ_DeployShell_v1_11.MaxRuntimeSpreadTicks',CS0229,274,81,
20260509_121548_CG_MNQ_DeployShell_v1_11.cs,The call is ambiguous between the following methods or properties: 'CG_MNQ_DeployShell_v1_11.LogTelemetry(string DateTime string string)' and 'CG_MNQ_DeployShell_v1_11.LogTelemetry(string DateTime string string)',CS0121,280,17,
20260509_121548_CG_MNQ_DeployShell_v1_11.cs,Ambiguity between 'CG_MNQ_DeployShell_v1_11.activeEntryTime' and 'CG_MNQ_DeployShell_v1_11.activeEntryTime',CS0229,284,67,
20260509_121548_CG_MNQ_DeployShell_v1_11.cs,Ambiguity between 'CG_MNQ_DeployShell_v1_11.activeEntryTime' and 'CG_MNQ_DeployShell_v1_11.activeEntryTime',CS0229,286,28,
20260509_121548_CG_MNQ_DeployShell_v1_11.cs,Ambiguity between 'CG_MNQ_DeployShell_v1_11.MaxHoldSeconds' and 'CG_MNQ_DeployShell_v1_11.MaxHoldSeconds',CS0229,286,61,
20260509_121548_CG_MNQ_DeployShell_v1_11.cs,The call is ambiguous between the following methods or properties: 'CG_MNQ_DeployShell_v1_11.LogTelemetry(string DateTime string string)' and 'CG_MNQ_DeployShell_v1_11.LogTelemetry(string DateTime string string)',CS0121,292,21,
20260509_121548_CG_MNQ_DeployShell_v1_11.cs,Ambiguity between 'CG_MNQ_DeployShell_v1_11.dailyLocked' and 'CG_MNQ_DeployShell_v1_11.dailyLocked',CS0229,297,17,
20260509_121548_CG_MNQ_DeployShell_v1_11.cs,Ambiguity between 'CG_MNQ_DeployShell_v1_11.RequireRth' and 'CG_MNQ_DeployShell_v1_11.RequireRth',CS0229,297,33,
20260509_121548_CG_MNQ_DeployShell_v1_11.cs,The call is ambiguous between the following methods or properties: 'CG_MNQ_DeployShell_v1_11.IsRth(DateTime)' and 'CG_MNQ_DeployShell_v1_11.IsRth(DateTime)',CS0121,297,48,
20260509_121548_CG_MNQ_DeployShell_v1_11.cs,Ambiguity between 'CG_MNQ_DeployShell_v1_11.sessionTradeCount' and 'CG_MNQ_DeployShell_v1_11.sessionTradeCount',CS0229,297,63,
20260509_121548_CG_MNQ_DeployShell_v1_11.cs,Ambiguity between 'CG_MNQ_DeployShell_v1_11.MaxTradesPerDay' and 'CG_MNQ_DeployShell_v1_11.MaxTradesPerDay',CS0229,297,84,
20260509_121548_CG_MNQ_DeployShell_v1_11.cs,Ambiguity between 'CG_MNQ_DeployShell_v1_11.activeEntryOrder' and 'CG_MNQ_DeployShell_v1_11.activeEntryOrder',CS0229,300,67,
20260509_121548_CG_MNQ_DeployShell_v1_11.cs,Ambiguity between 'CG_MNQ_DeployShell_v1_11.lastFlatOrEntryResetTime' and 'CG_MNQ_DeployShell_v1_11.lastFlatOrEntryResetTime',CS0229,303,17,
20260509_121548_CG_MNQ_DeployShell_v1_11.cs,Ambiguity between 'CG_MNQ_DeployShell_v1_11.lastFlatOrEntryResetTime' and 'CG_MNQ_DeployShell_v1_11.lastFlatOrEntryResetTime',CS0229,303,76,
20260509_121548_CG_MNQ_DeployShell_v1_11.cs,Ambiguity between 'CG_MNQ_DeployShell_v1_11.CooldownSeconds' and 'CG_MNQ_DeployShell_v1_11.CooldownSeconds',CS0229,303,117,
20260509_121548_CG_MNQ_DeployShell_v1_11.cs,Ambiguity between 'CG_MNQ_DeployShell_v1_11.MaxEntrySpreadTicks' and 'CG_MNQ_DeployShell_v1_11.MaxEntrySpreadTicks',CS0229,306,31,
20260509_121548_CG_MNQ_DeployShell_v1_11.cs,The call is ambiguous between the following methods or properties: 'CG_MNQ_DeployShell_v1_11.GetSessionPhase(DateTime)' and 'CG_MNQ_DeployShell_v1_11.GetSessionPhase(DateTime)',CS0121,309,28,
20260509_121548_CG_MNQ_DeployShell_v1_11.cs,The call is ambiguous between the following methods or properties: 'CG_MNQ_DeployShell_v1_11.IsLongAllowed(string)' and 'CG_MNQ_DeployShell_v1_11.IsLongAllowed(string)',CS0121,310,31,
20260509_121548_CG_MNQ_DeployShell_v1_11.cs,The call is ambiguous between the following methods or properties: 'CG_MNQ_DeployShell_v1_11.EvaluateLongSignal()' and 'CG_MNQ_DeployShell_v1_11.EvaluateLongSignal()',CS0121,310,55,
20260509_121548_CG_MNQ_DeployShell_v1_11.cs,The call is ambiguous between the following methods or properties: 'CG_MNQ_DeployShell_v1_11.IsShortAllowed(string)' and 'CG_MNQ_DeployShell_v1_11.IsShortAllowed(string)',CS0121,311,32,
20260509_121548_CG_MNQ_DeployShell_v1_11.cs,The call is ambiguous between the following methods or properties: 'CG_MNQ_DeployShell_v1_11.EvaluateShortSignal()' and 'CG_MNQ_DeployShell_v1_11.EvaluateShortSignal()',CS0121,311,57,
20260509_121548_CG_MNQ_DeployShell_v1_11.cs,The call is ambiguous between the following methods or properties: 'CG_MNQ_DeployShell_v1_11.LogTelemetry(string DateTime string string)' and 'CG_MNQ_DeployShell_v1_11.LogTelemetry(string DateTime string string)',CS0121,315,17,
20260509_121548_CG_MNQ_DeployShell_v1_11.cs,Ambiguity between 'CG_MNQ_DeployShell_v1_11.activeEntryName' and 'CG_MNQ_DeployShell_v1_11.activeEntryName',CS0229,321,17,
20260509_121548_CG_MNQ_DeployShell_v1_11.cs,Ambiguity between 'CG_MNQ_DeployShell_v1_11.activeEntryTime' and 'CG_MNQ_DeployShell_v1_11.activeEntryTime',CS0229,322,17,
20260509_121548_CG_MNQ_DeployShell_v1_11.cs,Ambiguity between 'CG_MNQ_DeployShell_v1_11.lastFlatOrEntryResetTime' and 'CG_MNQ_DeployShell_v1_11.lastFlatOrEntryResetTime',CS0229,323,17,
20260509_121548_CG_MNQ_DeployShell_v1_11.cs,Ambiguity between 'CG_MNQ_DeployShell_v1_11.HardQuantity' and 'CG_MNQ_DeployShell_v1_11.HardQuantity',CS0229,324,27,
20260509_121548_CG_MNQ_DeployShell_v1_11.cs,Ambiguity between 'CG_MNQ_DeployShell_v1_11.activeEntryName' and 'CG_MNQ_DeployShell_v1_11.activeEntryName',CS0229,324,41,
20260509_121548_CG_MNQ_DeployShell_v1_11.cs,Ambiguity between 'CG_MNQ_DeployShell_v1_11.sessionTradeCount' and 'CG_MNQ_DeployShell_v1_11.sessionTradeCount',CS0229,325,17,
20260509_121548_CG_MNQ_DeployShell_v1_11.cs,The call is ambiguous between the following methods or properties: 'CG_MNQ_DeployShell_v1_11.LogTelemetry(string DateTime string string)' and 'CG_MNQ_DeployShell_v1_11.LogTelemetry(string DateTime string string)',CS0121,326,17,
20260509_121548_CG_MNQ_DeployShell_v1_11.cs,Ambiguity between 'CG_MNQ_DeployShell_v1_11.activeEntryName' and 'CG_MNQ_DeployShell_v1_11.activeEntryName',CS0229,330,17,
20260509_121548_CG_MNQ_DeployShell_v1_11.cs,Ambiguity between 'CG_MNQ_DeployShell_v1_11.activeEntryTime' and 'CG_MNQ_DeployShell_v1_11.activeEntryTime',CS0229,331,17,
20260509_121548_CG_MNQ_DeployShell_v1_11.cs,Ambiguity between 'CG_MNQ_DeployShell_v1_11.lastFlatOrEntryResetTime' and 'CG_MNQ_DeployShell_v1_11.lastFlatOrEntryResetTime',CS0229,332,17,
20260509_121548_CG_MNQ_DeployShell_v1_11.cs,Ambiguity between 'CG_MNQ_DeployShell_v1_11.HardQuantity' and 'CG_MNQ_DeployShell_v1_11.HardQuantity',CS0229,333,28,
20260509_121548_CG_MNQ_DeployShell_v1_11.cs,Ambiguity between 'CG_MNQ_DeployShell_v1_11.activeEntryName' and 'CG_MNQ_DeployShell_v1_11.activeEntryName',CS0229,333,42,
20260509_121548_CG_MNQ_DeployShell_v1_11.cs,Ambiguity between 'CG_MNQ_DeployShell_v1_11.sessionTradeCount' and 'CG_MNQ_DeployShell_v1_11.sessionTradeCount',CS0229,334,17,
20260509_121548_CG_MNQ_DeployShell_v1_11.cs,The call is ambiguous between the following methods or properties: 'CG_MNQ_DeployShell_v1_11.LogTelemetry(string DateTime string string)' and 'CG_MNQ_DeployShell_v1_11.LogTelemetry(string DateTime string string)',CS0121,335,17,
20260509_121548_CG_MNQ_DeployShell_v1_11.cs,Ambiguity between 'CG_MNQ_DeployShell_v1_11.SignalMode' and 'CG_MNQ_DeployShell_v1_11.SignalMode',CS0229,341,17,
20260509_121548_CG_MNQ_DeployShell_v1_11.cs,Ambiguity between 'CG_MNQ_DeployShell_v1_11.SignalMode' and 'CG_MNQ_DeployShell_v1_11.SignalMode',CS0229,344,17,
20260509_121548_CG_MNQ_DeployShell_v1_11.cs,The call is ambiguous between the following methods or properties: 'CG_MNQ_DeployShell_v1_11.GetMinuteMomentumTicks()' and 'CG_MNQ_DeployShell_v1_11.GetMinuteMomentumTicks()',CS0121,345,24,
20260509_121548_CG_MNQ_DeployShell_v1_11.cs,Ambiguity between 'CG_MNQ_DeployShell_v1_11.MinMomentumTicks' and 'CG_MNQ_DeployShell_v1_11.MinMomentumTicks',CS0229,345,52,
20260509_121548_CG_MNQ_DeployShell_v1_11.cs,Ambiguity between 'CG_MNQ_DeployShell_v1_11.BreakoutLookbackTicks' and 'CG_MNQ_DeployShell_v1_11.BreakoutLookbackTicks',CS0229,349,40,
20260509_121548_CG_MNQ_DeployShell_v1_11.cs,Ambiguity between 'CG_MNQ_DeployShell_v1_11.BreakoutBufferTicks' and 'CG_MNQ_DeployShell_v1_11.BreakoutBufferTicks',CS0229,353,44,
20260509_121548_CG_MNQ_DeployShell_v1_11.cs,Ambiguity between 'CG_MNQ_DeployShell_v1_11.MnqTickSize' and 'CG_MNQ_DeployShell_v1_11.MnqTickSize',CS0229,353,66,
20260509_121548_CG_MNQ_DeployShell_v1_11.cs,The call is ambiguous between the following methods or properties: 'CG_MNQ_DeployShell_v1_11.GetMinuteMomentumTicks()' and 'CG_MNQ_DeployShell_v1_11.GetMinuteMomentumTicks()',CS0121,354,20,
20260509_121548_CG_MNQ_DeployShell_v1_11.cs,Ambiguity between 'CG_MNQ_DeployShell_v1_11.MinMomentumTicks' and 'CG_MNQ_DeployShell_v1_11.MinMomentumTicks',CS0229,354,48,
20260509_121548_CG_MNQ_DeployShell_v1_11.cs,Ambiguity between 'CG_MNQ_DeployShell_v1_11.SignalMode' and 'CG_MNQ_DeployShell_v1_11.SignalMode',CS0229,359,17,
20260509_121548_CG_MNQ_DeployShell_v1_11.cs,Ambiguity between 'CG_MNQ_DeployShell_v1_11.SignalMode' and 'CG_MNQ_DeployShell_v1_11.SignalMode',CS0229,362,17,
20260509_121548_CG_MNQ_DeployShell_v1_11.cs,The call is ambiguous between the following methods or properties: 'CG_MNQ_DeployShell_v1_11.GetMinuteMomentumTicks()' and 'CG_MNQ_DeployShell_v1_11.GetMinuteMomentumTicks()',CS0121,363,24,
20260509_121548_CG_MNQ_DeployShell_v1_11.cs,Ambiguity between 'CG_MNQ_DeployShell_v1_11.MinMomentumTicks' and 'CG_MNQ_DeployShell_v1_11.MinMomentumTicks',CS0229,363,53,
20260509_121548_CG_MNQ_DeployShell_v1_11.cs,Ambiguity between 'CG_MNQ_DeployShell_v1_11.BreakoutLookbackTicks' and 'CG_MNQ_DeployShell_v1_11.BreakoutLookbackTicks',CS0229,367,40,
20260509_121548_CG_MNQ_DeployShell_v1_11.cs,Ambiguity between 'CG_MNQ_DeployShell_v1_11.BreakoutBufferTicks' and 'CG_MNQ_DeployShell_v1_11.BreakoutBufferTicks',CS0229,371,43,
20260509_121548_CG_MNQ_DeployShell_v1_11.cs,Ambiguity between 'CG_MNQ_DeployShell_v1_11.MnqTickSize' and 'CG_MNQ_DeployShell_v1_11.MnqTickSize',CS0229,371,65,
20260509_121548_CG_MNQ_DeployShell_v1_11.cs,The call is ambiguous between the following methods or properties: 'CG_MNQ_DeployShell_v1_11.GetMinuteMomentumTicks()' and 'CG_MNQ_DeployShell_v1_11.GetMinuteMomentumTicks()',CS0121,372,20,
20260509_121548_CG_MNQ_DeployShell_v1_11.cs,Ambiguity between 'CG_MNQ_DeployShell_v1_11.MinMomentumTicks' and 'CG_MNQ_DeployShell_v1_11.MinMomentumTicks',CS0229,372,49,
20260509_121548_CG_MNQ_DeployShell_v1_11.cs,Ambiguity between 'CG_MNQ_DeployShell_v1_11.MomentumLookbackMinutes' and 'CG_MNQ_DeployShell_v1_11.MomentumLookbackMinutes',CS0229,377,34,
20260509_121548_CG_MNQ_DeployShell_v1_11.cs,Ambiguity between 'CG_MNQ_DeployShell_v1_11.MomentumLookbackMinutes' and 'CG_MNQ_DeployShell_v1_11.MomentumLookbackMinutes',CS0229,380,46,
20260509_121548_CG_MNQ_DeployShell_v1_11.cs,Ambiguity between 'CG_MNQ_DeployShell_v1_11.MnqTickSize' and 'CG_MNQ_DeployShell_v1_11.MnqTickSize',CS0229,380,74,
20260509_121548_CG_MNQ_DeployShell_v1_11.cs,Ambiguity between 'CG_MNQ_DeployShell_v1_11.AllowOpenLong' and 'CG_MNQ_DeployShell_v1_11.AllowOpenLong',CS0229,402,51,
20260509_121548_CG_MNQ_DeployShell_v1_11.cs,Ambiguity between 'CG_MNQ_DeployShell_v1_11.AllowMorningLong' and 'CG_MNQ_DeployShell_v1_11.AllowMorningLong',CS0229,403,54,
20260509_121548_CG_MNQ_DeployShell_v1_11.cs,Ambiguity between 'CG_MNQ_DeployShell_v1_11.AllowAfternoonTrades' and 'CG_MNQ_DeployShell_v1_11.AllowAfternoonTrades',CS0229,404,56,
20260509_121548_CG_MNQ_DeployShell_v1_11.cs,Ambiguity between 'CG_MNQ_DeployShell_v1_11.AllowMorningShort' and 'CG_MNQ_DeployShell_v1_11.AllowMorningShort',CS0229,410,54,
20260509_121548_CG_MNQ_DeployShell_v1_11.cs,Ambiguity between 'CG_MNQ_DeployShell_v1_11.AllowMiddayShort' and 'CG_MNQ_DeployShell_v1_11.AllowMiddayShort',CS0229,411,53,
20260509_121548_CG_MNQ_DeployShell_v1_11.cs,Ambiguity between 'CG_MNQ_DeployShell_v1_11.AllowAfternoonTrades' and 'CG_MNQ_DeployShell_v1_11.AllowAfternoonTrades',CS0229,412,56,
20260509_121548_CG_MNQ_DeployShell_v1_11.cs,Ambiguity between 'CG_MNQ_DeployShell_v1_11.AllowPowerShort' and 'CG_MNQ_DeployShell_v1_11.AllowPowerShort',CS0229,413,52,
20260509_121548_CG_MNQ_DeployShell_v1_11.cs,Ambiguity between 'CG_MNQ_DeployShell_v1_11.currentSessionDate' and 'CG_MNQ_DeployShell_v1_11.currentSessionDate',CS0229,419,17,
20260509_121548_CG_MNQ_DeployShell_v1_11.cs,Ambiguity between 'CG_MNQ_DeployShell_v1_11.currentSessionDate' and 'CG_MNQ_DeployShell_v1_11.currentSessionDate',CS0229,422,13,
20260509_121548_CG_MNQ_DeployShell_v1_11.cs,Ambiguity between 'CG_MNQ_DeployShell_v1_11.sessionStartCumProfit' and 'CG_MNQ_DeployShell_v1_11.sessionStartCumProfit',CS0229,423,13,
20260509_121548_CG_MNQ_DeployShell_v1_11.cs,Ambiguity between 'CG_MNQ_DeployShell_v1_11.sessionTradeCount' and 'CG_MNQ_DeployShell_v1_11.sessionTradeCount',CS0229,424,13,
20260509_121548_CG_MNQ_DeployShell_v1_11.cs,Ambiguity between 'CG_MNQ_DeployShell_v1_11.dailyLocked' and 'CG_MNQ_DeployShell_v1_11.dailyLocked',CS0229,425,13,
20260509_121548_CG_MNQ_DeployShell_v1_11.cs,Ambiguity between 'CG_MNQ_DeployShell_v1_11.activeEntryTime' and 'CG_MNQ_DeployShell_v1_11.activeEntryTime',CS0229,426,13,
20260509_121548_CG_MNQ_DeployShell_v1_11.cs,Ambiguity between 'CG_MNQ_DeployShell_v1_11.activeEntryOrder' and 'CG_MNQ_DeployShell_v1_11.activeEntryOrder',CS0229,427,13,
20260509_121548_CG_MNQ_DeployShell_v1_11.cs,Ambiguity between 'CG_MNQ_DeployShell_v1_11.activeEntryName' and 'CG_MNQ_DeployShell_v1_11.activeEntryName',CS0229,428,13,
20260509_121548_CG_MNQ_DeployShell_v1_11.cs,Ambiguity between 'CG_MNQ_DeployShell_v1_11.lastFlatOrEntryResetTime' and 'CG_MNQ_DeployShell_v1_11.lastFlatOrEntryResetTime',CS0229,429,13,
20260509_121548_CG_MNQ_DeployShell_v1_11.cs,The call is ambiguous between the following methods or properties: 'CG_MNQ_DeployShell_v1_11.LogTelemetry(string DateTime string string)' and 'CG_MNQ_DeployShell_v1_11.LogTelemetry(string DateTime string string)',CS0121,430,13,
20260509_121548_CG_MNQ_DeployShell_v1_11.cs,Ambiguity between 'CG_MNQ_DeployShell_v1_11.MnqTickSize' and 'CG_MNQ_DeployShell_v1_11.MnqTickSize',CS0229,453,34,
20260509_121548_CG_MNQ_DeployShell_v1_11.cs,Ambiguity between 'CG_MNQ_DeployShell_v1_11.activeEntryOrder' and 'CG_MNQ_DeployShell_v1_11.activeEntryOrder',CS0229,464,17,
20260509_121548_CG_MNQ_DeployShell_v1_11.cs,Ambiguity between 'CG_MNQ_DeployShell_v1_11.activeEntryTime' and 'CG_MNQ_DeployShell_v1_11.activeEntryTime',CS0229,467,21,
20260509_121548_CG_MNQ_DeployShell_v1_11.cs,The call is ambiguous between the following methods or properties: 'CG_MNQ_DeployShell_v1_11.LogTelemetry(string DateTime string string)' and 'CG_MNQ_DeployShell_v1_11.LogTelemetry(string DateTime string string)',CS0121,468,21,
20260509_121548_CG_MNQ_DeployShell_v1_11.cs,The call is ambiguous between the following methods or properties: 'CG_MNQ_DeployShell_v1_11.LogTelemetry(string DateTime string string)' and 'CG_MNQ_DeployShell_v1_11.LogTelemetry(string DateTime string string)',CS0121,473,21,
20260509_121548_CG_MNQ_DeployShell_v1_11.cs,Ambiguity between 'CG_MNQ_DeployShell_v1_11.activeEntryOrder' and 'CG_MNQ_DeployShell_v1_11.activeEntryOrder',CS0229,474,21,
20260509_121548_CG_MNQ_DeployShell_v1_11.cs,Ambiguity between 'CG_MNQ_DeployShell_v1_11.activeEntryName' and 'CG_MNQ_DeployShell_v1_11.activeEntryName',CS0229,475,21,
20260509_121548_CG_MNQ_DeployShell_v1_11.cs,Ambiguity between 'CG_MNQ_DeployShell_v1_11.activeEntryTime' and 'CG_MNQ_DeployShell_v1_11.activeEntryTime',CS0229,476,21,
20260509_121548_CG_MNQ_DeployShell_v1_11.cs,Ambiguity between 'CG_MNQ_DeployShell_v1_11.lastFlatOrEntryResetTime' and 'CG_MNQ_DeployShell_v1_11.lastFlatOrEntryResetTime',CS0229,477,21,
20260509_121548_CG_MNQ_DeployShell_v1_11.cs,The call is ambiguous between the following methods or properties: 'CG_MNQ_DeployShell_v1_11.LogTelemetry(string DateTime string string)' and 'CG_MNQ_DeployShell_v1_11.LogTelemetry(string DateTime string string)',CS0121,489,13,
20260509_121548_CG_MNQ_DeployShell_v1_11.cs,Ambiguity between 'CG_MNQ_DeployShell_v1_11.activeEntryOrder' and 'CG_MNQ_DeployShell_v1_11.activeEntryOrder',CS0229,494,17,
20260509_121548_CG_MNQ_DeployShell_v1_11.cs,Ambiguity between 'CG_MNQ_DeployShell_v1_11.activeEntryName' and 'CG_MNQ_DeployShell_v1_11.activeEntryName',CS0229,495,17,
20260509_121548_CG_MNQ_DeployShell_v1_11.cs,Ambiguity between 'CG_MNQ_DeployShell_v1_11.activeEntryTime' and 'CG_MNQ_DeployShell_v1_11.activeEntryTime',CS0229,496,17,
20260509_121548_CG_MNQ_DeployShell_v1_11.cs,Ambiguity between 'CG_MNQ_DeployShell_v1_11.lastFlatOrEntryResetTime' and 'CG_MNQ_DeployShell_v1_11.lastFlatOrEntryResetTime',CS0229,497,17,
20260509_121548_CG_MNQ_DeployShell_v1_11.cs,Ambiguity between 'CG_MNQ_DeployShell_v1_11.WriteTelemetry' and 'CG_MNQ_DeployShell_v1_11.WriteTelemetry',CS0229,503,18,
20260509_121548_CG_MNQ_DeployShell_v1_11.cs,Ambiguity between 'CG_MNQ_DeployShell_v1_11.telemetryHeaderWritten' and 'CG_MNQ_DeployShell_v1_11.telemetryHeaderWritten',CS0229,503,36,
20260509_121548_CG_MNQ_DeployShell_v1_11.cs,Ambiguity between 'CG_MNQ_DeployShell_v1_11.TelemetryCsvPath' and 'CG_MNQ_DeployShell_v1_11.TelemetryCsvPath',CS0229,508,52,
20260509_121548_CG_MNQ_DeployShell_v1_11.cs,Ambiguity between 'CG_MNQ_DeployShell_v1_11.TelemetryCsvPath' and 'CG_MNQ_DeployShell_v1_11.TelemetryCsvPath',CS0229,512,34,
20260509_121548_CG_MNQ_DeployShell_v1_11.cs,Ambiguity between 'CG_MNQ_DeployShell_v1_11.TelemetryCsvPath' and 'CG_MNQ_DeployShell_v1_11.TelemetryCsvPath',CS0229,514,40,
20260509_121548_CG_MNQ_DeployShell_v1_11.cs,Ambiguity between 'CG_MNQ_DeployShell_v1_11.telemetryHeaderWritten' and 'CG_MNQ_DeployShell_v1_11.telemetryHeaderWritten',CS0229,518,17,
20260509_121548_CG_MNQ_DeployShell_v1_11.cs,Ambiguity between 'CG_MNQ_DeployShell_v1_11.WriteTelemetry' and 'CG_MNQ_DeployShell_v1_11.WriteTelemetry',CS0229,528,18,
20260509_121548_CG_MNQ_DeployShell_v1_11.cs,The call is ambiguous between the following methods or properties: 'CG_MNQ_DeployShell_v1_11.WriteTelemetryHeader()' and 'CG_MNQ_DeployShell_v1_11.WriteTelemetryHeader()',CS0121,533,17,
20260509_121548_CG_MNQ_DeployShell_v1_11.cs,The call is ambiguous between the following methods or properties: 'CG_MNQ_DeployShell_v1_11.GetCurrentBidSafe()' and 'CG_MNQ_DeployShell_v1_11.GetCurrentBidSafe()',CS0121,534,30,
20260509_121548_CG_MNQ_DeployShell_v1_11.cs,The call is ambiguous between the following methods or properties: 'CG_MNQ_DeployShell_v1_11.GetCurrentAskSafe()' and 'CG_MNQ_DeployShell_v1_11.GetCurrentAskSafe()',CS0121,535,30,
20260509_121548_CG_MNQ_DeployShell_v1_11.cs,The call is ambiguous between the following methods or properties: 'CG_MNQ_DeployShell_v1_11.GetSpreadTicks(double double)' and 'CG_MNQ_DeployShell_v1_11.GetSpreadTicks(double double)',CS0121,536,38,
20260509_121548_CG_MNQ_DeployShell_v1_11.cs,The call is ambiguous between the following methods or properties: 'CG_MNQ_DeployShell_v1_11.EscapeCsv(string)' and 'CG_MNQ_DeployShell_v1_11.EscapeCsv(string)',CS0121,541,21,
20260509_121548_CG_MNQ_DeployShell_v1_11.cs,The call is ambiguous between the following methods or properties: 'CG_MNQ_DeployShell_v1_11.EscapeCsv(string)' and 'CG_MNQ_DeployShell_v1_11.EscapeCsv(string)',CS0121,542,21,
20260509_121548_CG_MNQ_DeployShell_v1_11.cs,Ambiguity between 'CG_MNQ_DeployShell_v1_11.sessionTradeCount' and 'CG_MNQ_DeployShell_v1_11.sessionTradeCount',CS0229,547,21,
20260509_121548_CG_MNQ_DeployShell_v1_11.cs,Ambiguity between 'CG_MNQ_DeployShell_v1_11.dailyLocked' and 'CG_MNQ_DeployShell_v1_11.dailyLocked',CS0229,548,21,
20260509_121548_CG_MNQ_DeployShell_v1_11.cs,Ambiguity between 'CG_MNQ_DeployShell_v1_11.activeEntryTime' and 'CG_MNQ_DeployShell_v1_11.activeEntryTime',CS0229,549,21,
20260509_121548_CG_MNQ_DeployShell_v1_11.cs,Ambiguity between 'CG_MNQ_DeployShell_v1_11.activeEntryTime' and 'CG_MNQ_DeployShell_v1_11.activeEntryTime',CS0229,549,68,
20260509_121548_CG_MNQ_DeployShell_v1_11.cs,The call is ambiguous between the following methods or properties: 'CG_MNQ_DeployShell_v1_11.EscapeCsv(string)' and 'CG_MNQ_DeployShell_v1_11.EscapeCsv(string)',CS0121,550,21,
20260509_121548_CG_MNQ_DeployShell_v1_11.cs,Ambiguity between 'CG_MNQ_DeployShell_v1_11.TelemetryCsvPath' and 'CG_MNQ_DeployShell_v1_11.TelemetryCsvPath',CS0229,552,36,
CG_MNQ_DeployShell_v1_11.cs,Ambiguity between 'CG_MNQ_DeployShell_v1_11.SignalMode' and 'CG_MNQ_DeployShell_v1_11.SignalMode',CS0229,185,17,
CG_MNQ_DeployShell_v1_11.cs,Ambiguity between 'CG_MNQ_DeployShell_v1_11.BreakoutLookbackTicks' and 'CG_MNQ_DeployShell_v1_11.BreakoutLookbackTicks',CS0229,186,17,
CG_MNQ_DeployShell_v1_11.cs,Ambiguity between 'CG_MNQ_DeployShell_v1_11.BreakoutBufferTicks' and 'CG_MNQ_DeployShell_v1_11.BreakoutBufferTicks',CS0229,187,17,
CG_MNQ_DeployShell_v1_11.cs,Ambiguity between 'CG_MNQ_DeployShell_v1_11.MomentumLookbackMinutes' and 'CG_MNQ_DeployShell_v1_11.MomentumLookbackMinutes',CS0229,188,17,
CG_MNQ_DeployShell_v1_11.cs,Ambiguity between 'CG_MNQ_DeployShell_v1_11.MinMomentumTicks' and 'CG_MNQ_DeployShell_v1_11.MinMomentumTicks',CS0229,189,17,
CG_MNQ_DeployShell_v1_11.cs,Ambiguity between 'CG_MNQ_DeployShell_v1_11.CooldownSeconds' and 'CG_MNQ_DeployShell_v1_11.CooldownSeconds',CS0229,190,17,
CG_MNQ_DeployShell_v1_11.cs,Ambiguity between 'CG_MNQ_DeployShell_v1_11.TargetTicks' and 'CG_MNQ_DeployShell_v1_11.TargetTicks',CS0229,192,17,
CG_MNQ_DeployShell_v1_11.cs,Ambiguity between 'CG_MNQ_DeployShell_v1_11.StopTicks' and 'CG_MNQ_DeployShell_v1_11.StopTicks',CS0229,193,17,
CG_MNQ_DeployShell_v1_11.cs,Ambiguity between 'CG_MNQ_DeployShell_v1_11.MaxHoldSeconds' and 'CG_MNQ_DeployShell_v1_11.MaxHoldSeconds',CS0229,194,17,
CG_MNQ_DeployShell_v1_11.cs,Ambiguity between 'CG_MNQ_DeployShell_v1_11.MaxEntrySpreadTicks' and 'CG_MNQ_DeployShell_v1_11.MaxEntrySpreadTicks',CS0229,195,17,
CG_MNQ_DeployShell_v1_11.cs,Ambiguity between 'CG_MNQ_DeployShell_v1_11.MaxRuntimeSpreadTicks' and 'CG_MNQ_DeployShell_v1_11.MaxRuntimeSpreadTicks',CS0229,196,17,
CG_MNQ_DeployShell_v1_11.cs,Ambiguity between 'CG_MNQ_DeployShell_v1_11.RequireRth' and 'CG_MNQ_DeployShell_v1_11.RequireRth',CS0229,198,17,
CG_MNQ_DeployShell_v1_11.cs,Ambiguity between 'CG_MNQ_DeployShell_v1_11.AllowOpenLong' and 'CG_MNQ_DeployShell_v1_11.AllowOpenLong',CS0229,199,17,
CG_MNQ_DeployShell_v1_11.cs,Ambiguity between 'CG_MNQ_DeployShell_v1_11.AllowMorningLong' and 'CG_MNQ_DeployShell_v1_11.AllowMorningLong',CS0229,200,17,
CG_MNQ_DeployShell_v1_11.cs,Ambiguity between 'CG_MNQ_DeployShell_v1_11.AllowMorningShort' and 'CG_MNQ_DeployShell_v1_11.AllowMorningShort',CS0229,201,17,
CG_MNQ_DeployShell_v1_11.cs,Ambiguity between 'CG_MNQ_DeployShell_v1_11.AllowMiddayShort' and 'CG_MNQ_DeployShell_v1_11.AllowMiddayShort',CS0229,202,17,
CG_MNQ_DeployShell_v1_11.cs,Ambiguity between 'CG_MNQ_DeployShell_v1_11.AllowPowerShort' and 'CG_MNQ_DeployShell_v1_11.AllowPowerShort',CS0229,203,17,
CG_MNQ_DeployShell_v1_11.cs,Ambiguity between 'CG_MNQ_DeployShell_v1_11.AllowAfternoonTrades' and 'CG_MNQ_DeployShell_v1_11.AllowAfternoonTrades',CS0229,204,17,
CG_MNQ_DeployShell_v1_11.cs,Ambiguity between 'CG_MNQ_DeployShell_v1_11.MaxTradesPerDay' and 'CG_MNQ_DeployShell_v1_11.MaxTradesPerDay',CS0229,206,17,
CG_MNQ_DeployShell_v1_11.cs,Ambiguity between 'CG_MNQ_DeployShell_v1_11.DailyLossLockUsd' and 'CG_MNQ_DeployShell_v1_11.DailyLossLockUsd',CS0229,207,17,
CG_MNQ_DeployShell_v1_11.cs,Ambiguity between 'CG_MNQ_DeployShell_v1_11.EnableDailyLossLock' and 'CG_MNQ_DeployShell_v1_11.EnableDailyLossLock',CS0229,208,17,
CG_MNQ_DeployShell_v1_11.cs,Ambiguity between 'CG_MNQ_DeployShell_v1_11.WriteTelemetry' and 'CG_MNQ_DeployShell_v1_11.WriteTelemetry',CS0229,210,17,
CG_MNQ_DeployShell_v1_11.cs,Ambiguity between 'CG_MNQ_DeployShell_v1_11.TelemetryCsvPath' and 'CG_MNQ_DeployShell_v1_11.TelemetryCsvPath',CS0229,212,17,
CG_MNQ_DeployShell_v1_11.cs,Ambiguity between 'CG_MNQ_DeployShell_v1_11.TargetTicks' and 'CG_MNQ_DeployShell_v1_11.TargetTicks',CS0229,219,71,
CG_MNQ_DeployShell_v1_11.cs,Ambiguity between 'CG_MNQ_DeployShell_v1_11.StopTicks' and 'CG_MNQ_DeployShell_v1_11.StopTicks',CS0229,220,67,
CG_MNQ_DeployShell_v1_11.cs,Ambiguity between 'CG_MNQ_DeployShell_v1_11.TargetTicks' and 'CG_MNQ_DeployShell_v1_11.TargetTicks',CS0229,221,72,
CG_MNQ_DeployShell_v1_11.cs,Ambiguity between 'CG_MNQ_DeployShell_v1_11.StopTicks' and 'CG_MNQ_DeployShell_v1_11.StopTicks',CS0229,222,68,
CG_MNQ_DeployShell_v1_11.cs,The call is ambiguous between the following methods or properties: 'CG_MNQ_DeployShell_v1_11.WriteTelemetryHeader()' and 'CG_MNQ_DeployShell_v1_11.WriteTelemetryHeader()',CS0121,226,17,
CG_MNQ_DeployShell_v1_11.cs,The call is ambiguous between the following methods or properties: 'CG_MNQ_DeployShell_v1_11.LogTelemetry(string DateTime string string)' and 'CG_MNQ_DeployShell_v1_11.LogTelemetry(string DateTime string string)',CS0121,227,17,
CG_MNQ_DeployShell_v1_11.cs,Ambiguity between 'CG_MNQ_DeployShell_v1_11.BreakoutLookbackTicks' and 'CG_MNQ_DeployShell_v1_11.BreakoutLookbackTicks',CS0229,236,43,
CG_MNQ_DeployShell_v1_11.cs,Ambiguity between 'CG_MNQ_DeployShell_v1_11.MomentumLookbackMinutes' and 'CG_MNQ_DeployShell_v1_11.MomentumLookbackMinutes',CS0229,239,34,
CG_MNQ_DeployShell_v1_11.cs,The call is ambiguous between the following methods or properties: 'CG_MNQ_DeployShell_v1_11.ResetSessionIfNeeded(DateTime)' and 'CG_MNQ_DeployShell_v1_11.ResetSessionIfNeeded(DateTime)',CS0121,243,13,
CG_MNQ_DeployShell_v1_11.cs,The call is ambiguous between the following methods or properties: 'CG_MNQ_DeployShell_v1_11.GetCurrentBidSafe()' and 'CG_MNQ_DeployShell_v1_11.GetCurrentBidSafe()',CS0121,245,26,
CG_MNQ_DeployShell_v1_11.cs,The call is ambiguous between the following methods or properties: 'CG_MNQ_DeployShell_v1_11.GetCurrentAskSafe()' and 'CG_MNQ_DeployShell_v1_11.GetCurrentAskSafe()',CS0121,246,26,
CG_MNQ_DeployShell_v1_11.cs,The call is ambiguous between the following methods or properties: 'CG_MNQ_DeployShell_v1_11.GetSpreadTicks(double double)' and 'CG_MNQ_DeployShell_v1_11.GetSpreadTicks(double double)',CS0121,247,34,
CG_MNQ_DeployShell_v1_11.cs,Ambiguity between 'CG_MNQ_DeployShell_v1_11.HardQuantity' and 'CG_MNQ_DeployShell_v1_11.HardQuantity',CS0229,249,37,
CG_MNQ_DeployShell_v1_11.cs,The call is ambiguous between the following methods or properties: 'CG_MNQ_DeployShell_v1_11.LogTelemetry(string DateTime string string)' and 'CG_MNQ_DeployShell_v1_11.LogTelemetry(string DateTime string string)',CS0121,251,17,
CG_MNQ_DeployShell_v1_11.cs,Ambiguity between 'CG_MNQ_DeployShell_v1_11.EnableDailyLossLock' and 'CG_MNQ_DeployShell_v1_11.EnableDailyLossLock',CS0229,259,17,
CG_MNQ_DeployShell_v1_11.cs,Ambiguity between 'CG_MNQ_DeployShell_v1_11.dailyLocked' and 'CG_MNQ_DeployShell_v1_11.dailyLocked',CS0229,259,41,
CG_MNQ_DeployShell_v1_11.cs,Ambiguity between 'CG_MNQ_DeployShell_v1_11.sessionStartCumProfit' and 'CG_MNQ_DeployShell_v1_11.sessionStartCumProfit',CS0229,261,107,
CG_MNQ_DeployShell_v1_11.cs,Ambiguity between 'CG_MNQ_DeployShell_v1_11.DailyLossLockUsd' and 'CG_MNQ_DeployShell_v1_11.DailyLossLockUsd',CS0229,262,48,
CG_MNQ_DeployShell_v1_11.cs,Ambiguity between 'CG_MNQ_DeployShell_v1_11.dailyLocked' and 'CG_MNQ_DeployShell_v1_11.dailyLocked',CS0229,264,21,
CG_MNQ_DeployShell_v1_11.cs,The call is ambiguous between the following methods or properties: 'CG_MNQ_DeployShell_v1_11.LogTelemetry(string DateTime string string)' and 'CG_MNQ_DeployShell_v1_11.LogTelemetry(string DateTime string string)',CS0121,265,21,
CG_MNQ_DeployShell_v1_11.cs,Ambiguity between 'CG_MNQ_DeployShell_v1_11.MaxRuntimeSpreadTicks' and 'CG_MNQ_DeployShell_v1_11.MaxRuntimeSpreadTicks',CS0229,274,81,
CG_MNQ_DeployShell_v1_11.cs,The call is ambiguous between the following methods or properties: 'CG_MNQ_DeployShell_v1_11.LogTelemetry(string DateTime string string)' and 'CG_MNQ_DeployShell_v1_11.LogTelemetry(string DateTime string string)',CS0121,280,17,
CG_MNQ_DeployShell_v1_11.cs,Ambiguity between 'CG_MNQ_DeployShell_v1_11.activeEntryTime' and 'CG_MNQ_DeployShell_v1_11.activeEntryTime',CS0229,284,67,
CG_MNQ_DeployShell_v1_11.cs,Ambiguity between 'CG_MNQ_DeployShell_v1_11.activeEntryTime' and 'CG_MNQ_DeployShell_v1_11.activeEntryTime',CS0229,286,28,
CG_MNQ_DeployShell_v1_11.cs,Ambiguity between 'CG_MNQ_DeployShell_v1_11.MaxHoldSeconds' and 'CG_MNQ_DeployShell_v1_11.MaxHoldSeconds',CS0229,286,61,
CG_MNQ_DeployShell_v1_11.cs,The call is ambiguous between the following methods or properties: 'CG_MNQ_DeployShell_v1_11.LogTelemetry(string DateTime string string)' and 'CG_MNQ_DeployShell_v1_11.LogTelemetry(string DateTime string string)',CS0121,292,21,
CG_MNQ_DeployShell_v1_11.cs,Ambiguity between 'CG_MNQ_DeployShell_v1_11.dailyLocked' and 'CG_MNQ_DeployShell_v1_11.dailyLocked',CS0229,297,17,
CG_MNQ_DeployShell_v1_11.cs,Ambiguity between 'CG_MNQ_DeployShell_v1_11.RequireRth' and 'CG_MNQ_DeployShell_v1_11.RequireRth',CS0229,297,33,
CG_MNQ_DeployShell_v1_11.cs,The call is ambiguous between the following methods or properties: 'CG_MNQ_DeployShell_v1_11.IsRth(DateTime)' and 'CG_MNQ_DeployShell_v1_11.IsRth(DateTime)',CS0121,297,48,
CG_MNQ_DeployShell_v1_11.cs,Ambiguity between 'CG_MNQ_DeployShell_v1_11.sessionTradeCount' and 'CG_MNQ_DeployShell_v1_11.sessionTradeCount',CS0229,297,63,
CG_MNQ_DeployShell_v1_11.cs,Ambiguity between 'CG_MNQ_DeployShell_v1_11.MaxTradesPerDay' and 'CG_MNQ_DeployShell_v1_11.MaxTradesPerDay',CS0229,297,84,
CG_MNQ_DeployShell_v1_11.cs,Ambiguity between 'CG_MNQ_DeployShell_v1_11.activeEntryOrder' and 'CG_MNQ_DeployShell_v1_11.activeEntryOrder',CS0229,300,67,
CG_MNQ_DeployShell_v1_11.cs,Ambiguity between 'CG_MNQ_DeployShell_v1_11.lastFlatOrEntryResetTime' and 'CG_MNQ_DeployShell_v1_11.lastFlatOrEntryResetTime',CS0229,303,17,
CG_MNQ_DeployShell_v1_11.cs,Ambiguity between 'CG_MNQ_DeployShell_v1_11.lastFlatOrEntryResetTime' and 'CG_MNQ_DeployShell_v1_11.lastFlatOrEntryResetTime',CS0229,303,76,
CG_MNQ_DeployShell_v1_11.cs,Ambiguity between 'CG_MNQ_DeployShell_v1_11.CooldownSeconds' and 'CG_MNQ_DeployShell_v1_11.CooldownSeconds',CS0229,303,117,
CG_MNQ_DeployShell_v1_11.cs,Ambiguity between 'CG_MNQ_DeployShell_v1_11.MaxEntrySpreadTicks' and 'CG_MNQ_DeployShell_v1_11.MaxEntrySpreadTicks',CS0229,306,31,
CG_MNQ_DeployShell_v1_11.cs,The call is ambiguous between the following methods or properties: 'CG_MNQ_DeployShell_v1_11.GetSessionPhase(DateTime)' and 'CG_MNQ_DeployShell_v1_11.GetSessionPhase(DateTime)',CS0121,309,28,
CG_MNQ_DeployShell_v1_11.cs,The call is ambiguous between the following methods or properties: 'CG_MNQ_DeployShell_v1_11.IsLongAllowed(string)' and 'CG_MNQ_DeployShell_v1_11.IsLongAllowed(string)',CS0121,310,31,
CG_MNQ_DeployShell_v1_11.cs,The call is ambiguous between the following methods or properties: 'CG_MNQ_DeployShell_v1_11.EvaluateLongSignal()' and 'CG_MNQ_DeployShell_v1_11.EvaluateLongSignal()',CS0121,310,55,
CG_MNQ_DeployShell_v1_11.cs,The call is ambiguous between the following methods or properties: 'CG_MNQ_DeployShell_v1_11.IsShortAllowed(string)' and 'CG_MNQ_DeployShell_v1_11.IsShortAllowed(string)',CS0121,311,32,
CG_MNQ_DeployShell_v1_11.cs,The call is ambiguous between the following methods or properties: 'CG_MNQ_DeployShell_v1_11.EvaluateShortSignal()' and 'CG_MNQ_DeployShell_v1_11.EvaluateShortSignal()',CS0121,311,57,
CG_MNQ_DeployShell_v1_11.cs,The call is ambiguous between the following methods or properties: 'CG_MNQ_DeployShell_v1_11.LogTelemetry(string DateTime string string)' and 'CG_MNQ_DeployShell_v1_11.LogTelemetry(string DateTime string string)',CS0121,315,17,
CG_MNQ_DeployShell_v1_11.cs,Ambiguity between 'CG_MNQ_DeployShell_v1_11.activeEntryName' and 'CG_MNQ_DeployShell_v1_11.activeEntryName',CS0229,321,17,
CG_MNQ_DeployShell_v1_11.cs,Ambiguity between 'CG_MNQ_DeployShell_v1_11.activeEntryTime' and 'CG_MNQ_DeployShell_v1_11.activeEntryTime',CS0229,322,17,
CG_MNQ_DeployShell_v1_11.cs,Ambiguity between 'CG_MNQ_DeployShell_v1_11.lastFlatOrEntryResetTime' and 'CG_MNQ_DeployShell_v1_11.lastFlatOrEntryResetTime',CS0229,323,17,
CG_MNQ_DeployShell_v1_11.cs,Ambiguity between 'CG_MNQ_DeployShell_v1_11.HardQuantity' and 'CG_MNQ_DeployShell_v1_11.HardQuantity',CS0229,324,27,
CG_MNQ_DeployShell_v1_11.cs,Ambiguity between 'CG_MNQ_DeployShell_v1_11.activeEntryName' and 'CG_MNQ_DeployShell_v1_11.activeEntryName',CS0229,324,41,
CG_MNQ_DeployShell_v1_11.cs,Ambiguity between 'CG_MNQ_DeployShell_v1_11.sessionTradeCount' and 'CG_MNQ_DeployShell_v1_11.sessionTradeCount',CS0229,325,17,
CG_MNQ_DeployShell_v1_11.cs,The call is ambiguous between the following methods or properties: 'CG_MNQ_DeployShell_v1_11.LogTelemetry(string DateTime string string)' and 'CG_MNQ_DeployShell_v1_11.LogTelemetry(string DateTime string string)',CS0121,326,17,
CG_MNQ_DeployShell_v1_11.cs,Ambiguity between 'CG_MNQ_DeployShell_v1_11.activeEntryName' and 'CG_MNQ_DeployShell_v1_11.activeEntryName',CS0229,330,17,
CG_MNQ_DeployShell_v1_11.cs,Ambiguity between 'CG_MNQ_DeployShell_v1_11.activeEntryTime' and 'CG_MNQ_DeployShell_v1_11.activeEntryTime',CS0229,331,17,
CG_MNQ_DeployShell_v1_11.cs,Ambiguity between 'CG_MNQ_DeployShell_v1_11.lastFlatOrEntryResetTime' and 'CG_MNQ_DeployShell_v1_11.lastFlatOrEntryResetTime',CS0229,332,17,
CG_MNQ_DeployShell_v1_11.cs,Ambiguity between 'CG_MNQ_DeployShell_v1_11.HardQuantity' and 'CG_MNQ_DeployShell_v1_11.HardQuantity',CS0229,333,28,
CG_MNQ_DeployShell_v1_11.cs,Ambiguity between 'CG_MNQ_DeployShell_v1_11.activeEntryName' and 'CG_MNQ_DeployShell_v1_11.activeEntryName',CS0229,333,42,
CG_MNQ_DeployShell_v1_11.cs,Ambiguity between 'CG_MNQ_DeployShell_v1_11.sessionTradeCount' and 'CG_MNQ_DeployShell_v1_11.sessionTradeCount',CS0229,334,17,
CG_MNQ_DeployShell_v1_11.cs,The call is ambiguous between the following methods or properties: 'CG_MNQ_DeployShell_v1_11.LogTelemetry(string DateTime string string)' and 'CG_MNQ_DeployShell_v1_11.LogTelemetry(string DateTime string string)',CS0121,335,17,
CG_MNQ_DeployShell_v1_11.cs,Ambiguity between 'CG_MNQ_DeployShell_v1_11.SignalMode' and 'CG_MNQ_DeployShell_v1_11.SignalMode',CS0229,341,17,
CG_MNQ_DeployShell_v1_11.cs,Ambiguity between 'CG_MNQ_DeployShell_v1_11.SignalMode' and 'CG_MNQ_DeployShell_v1_11.SignalMode',CS0229,344,17,
CG_MNQ_DeployShell_v1_11.cs,The call is ambiguous between the following methods or properties: 'CG_MNQ_DeployShell_v1_11.GetMinuteMomentumTicks()' and 'CG_MNQ_DeployShell_v1_11.GetMinuteMomentumTicks()',CS0121,345,24,
CG_MNQ_DeployShell_v1_11.cs,Ambiguity between 'CG_MNQ_DeployShell_v1_11.MinMomentumTicks' and 'CG_MNQ_DeployShell_v1_11.MinMomentumTicks',CS0229,345,52,
CG_MNQ_DeployShell_v1_11.cs,Ambiguity between 'CG_MNQ_DeployShell_v1_11.BreakoutLookbackTicks' and 'CG_MNQ_DeployShell_v1_11.BreakoutLookbackTicks',CS0229,349,40,
CG_MNQ_DeployShell_v1_11.cs,Ambiguity between 'CG_MNQ_DeployShell_v1_11.BreakoutBufferTicks' and 'CG_MNQ_DeployShell_v1_11.BreakoutBufferTicks',CS0229,353,44,
CG_MNQ_DeployShell_v1_11.cs,Ambiguity between 'CG_MNQ_DeployShell_v1_11.MnqTickSize' and 'CG_MNQ_DeployShell_v1_11.MnqTickSize',CS0229,353,66,
CG_MNQ_DeployShell_v1_11.cs,The call is ambiguous between the following methods or properties: 'CG_MNQ_DeployShell_v1_11.GetMinuteMomentumTicks()' and 'CG_MNQ_DeployShell_v1_11.GetMinuteMomentumTicks()',CS0121,354,20,
CG_MNQ_DeployShell_v1_11.cs,Ambiguity between 'CG_MNQ_DeployShell_v1_11.MinMomentumTicks' and 'CG_MNQ_DeployShell_v1_11.MinMomentumTicks',CS0229,354,48,
CG_MNQ_DeployShell_v1_11.cs,Ambiguity between 'CG_MNQ_DeployShell_v1_11.SignalMode' and 'CG_MNQ_DeployShell_v1_11.SignalMode',CS0229,359,17,
CG_MNQ_DeployShell_v1_11.cs,Ambiguity between 'CG_MNQ_DeployShell_v1_11.SignalMode' and 'CG_MNQ_DeployShell_v1_11.SignalMode',CS0229,362,17,
CG_MNQ_DeployShell_v1_11.cs,The call is ambiguous between the following methods or properties: 'CG_MNQ_DeployShell_v1_11.GetMinuteMomentumTicks()' and 'CG_MNQ_DeployShell_v1_11.GetMinuteMomentumTicks()',CS0121,363,24,
CG_MNQ_DeployShell_v1_11.cs,Ambiguity between 'CG_MNQ_DeployShell_v1_11.MinMomentumTicks' and 'CG_MNQ_DeployShell_v1_11.MinMomentumTicks',CS0229,363,53,
CG_MNQ_DeployShell_v1_11.cs,Ambiguity between 'CG_MNQ_DeployShell_v1_11.BreakoutLookbackTicks' and 'CG_MNQ_DeployShell_v1_11.BreakoutLookbackTicks',CS0229,367,40,
CG_MNQ_DeployShell_v1_11.cs,Ambiguity between 'CG_MNQ_DeployShell_v1_11.BreakoutBufferTicks' and 'CG_MNQ_DeployShell_v1_11.BreakoutBufferTicks',CS0229,371,43,
CG_MNQ_DeployShell_v1_11.cs,Ambiguity between 'CG_MNQ_DeployShell_v1_11.MnqTickSize' and 'CG_MNQ_DeployShell_v1_11.MnqTickSize',CS0229,371,65,
CG_MNQ_DeployShell_v1_11.cs,The call is ambiguous between the following methods or properties: 'CG_MNQ_DeployShell_v1_11.GetMinuteMomentumTicks()' and 'CG_MNQ_DeployShell_v1_11.GetMinuteMomentumTicks()',CS0121,372,20,
CG_MNQ_DeployShell_v1_11.cs,Ambiguity between 'CG_MNQ_DeployShell_v1_11.MinMomentumTicks' and 'CG_MNQ_DeployShell_v1_11.MinMomentumTicks',CS0229,372,49,
CG_MNQ_DeployShell_v1_11.cs,Ambiguity between 'CG_MNQ_DeployShell_v1_11.MomentumLookbackMinutes' and 'CG_MNQ_DeployShell_v1_11.MomentumLookbackMinutes',CS0229,377,34,
CG_MNQ_DeployShell_v1_11.cs,Ambiguity between 'CG_MNQ_DeployShell_v1_11.MomentumLookbackMinutes' and 'CG_MNQ_DeployShell_v1_11.MomentumLookbackMinutes',CS0229,380,46,
CG_MNQ_DeployShell_v1_11.cs,Ambiguity between 'CG_MNQ_DeployShell_v1_11.MnqTickSize' and 'CG_MNQ_DeployShell_v1_11.MnqTickSize',CS0229,380,74,
CG_MNQ_DeployShell_v1_11.cs,Ambiguity between 'CG_MNQ_DeployShell_v1_11.AllowOpenLong' and 'CG_MNQ_DeployShell_v1_11.AllowOpenLong',CS0229,402,51,
CG_MNQ_DeployShell_v1_11.cs,Ambiguity between 'CG_MNQ_DeployShell_v1_11.AllowMorningLong' and 'CG_MNQ_DeployShell_v1_11.AllowMorningLong',CS0229,403,54,
CG_MNQ_DeployShell_v1_11.cs,Ambiguity between 'CG_MNQ_DeployShell_v1_11.AllowAfternoonTrades' and 'CG_MNQ_DeployShell_v1_11.AllowAfternoonTrades',CS0229,404,56,
CG_MNQ_DeployShell_v1_11.cs,Ambiguity between 'CG_MNQ_DeployShell_v1_11.AllowMorningShort' and 'CG_MNQ_DeployShell_v1_11.AllowMorningShort',CS0229,410,54,
CG_MNQ_DeployShell_v1_11.cs,Ambiguity between 'CG_MNQ_DeployShell_v1_11.AllowMiddayShort' and 'CG_MNQ_DeployShell_v1_11.AllowMiddayShort',CS0229,411,53,
CG_MNQ_DeployShell_v1_11.cs,Ambiguity between 'CG_MNQ_DeployShell_v1_11.AllowAfternoonTrades' and 'CG_MNQ_DeployShell_v1_11.AllowAfternoonTrades',CS0229,412,56,
CG_MNQ_DeployShell_v1_11.cs,Ambiguity between 'CG_MNQ_DeployShell_v1_11.AllowPowerShort' and 'CG_MNQ_DeployShell_v1_11.AllowPowerShort',CS0229,413,52,
CG_MNQ_DeployShell_v1_11.cs,Ambiguity between 'CG_MNQ_DeployShell_v1_11.currentSessionDate' and 'CG_MNQ_DeployShell_v1_11.currentSessionDate',CS0229,419,17,
CG_MNQ_DeployShell_v1_11.cs,Ambiguity between 'CG_MNQ_DeployShell_v1_11.currentSessionDate' and 'CG_MNQ_DeployShell_v1_11.currentSessionDate',CS0229,422,13,
CG_MNQ_DeployShell_v1_11.cs,Ambiguity between 'CG_MNQ_DeployShell_v1_11.sessionStartCumProfit' and 'CG_MNQ_DeployShell_v1_11.sessionStartCumProfit',CS0229,423,13,
CG_MNQ_DeployShell_v1_11.cs,Ambiguity between 'CG_MNQ_DeployShell_v1_11.sessionTradeCount' and 'CG_MNQ_DeployShell_v1_11.sessionTradeCount',CS0229,424,13,
CG_MNQ_DeployShell_v1_11.cs,Ambiguity between 'CG_MNQ_DeployShell_v1_11.dailyLocked' and 'CG_MNQ_DeployShell_v1_11.dailyLocked',CS0229,425,13,
CG_MNQ_DeployShell_v1_11.cs,Ambiguity between 'CG_MNQ_DeployShell_v1_11.activeEntryTime' and 'CG_MNQ_DeployShell_v1_11.activeEntryTime',CS0229,426,13,
CG_MNQ_DeployShell_v1_11.cs,Ambiguity between 'CG_MNQ_DeployShell_v1_11.activeEntryOrder' and 'CG_MNQ_DeployShell_v1_11.activeEntryOrder',CS0229,427,13,
CG_MNQ_DeployShell_v1_11.cs,Ambiguity between 'CG_MNQ_DeployShell_v1_11.activeEntryName' and 'CG_MNQ_DeployShell_v1_11.activeEntryName',CS0229,428,13,
CG_MNQ_DeployShell_v1_11.cs,Ambiguity between 'CG_MNQ_DeployShell_v1_11.lastFlatOrEntryResetTime' and 'CG_MNQ_DeployShell_v1_11.lastFlatOrEntryResetTime',CS0229,429,13,
CG_MNQ_DeployShell_v1_11.cs,The call is ambiguous between the following methods or properties: 'CG_MNQ_DeployShell_v1_11.LogTelemetry(string DateTime string string)' and 'CG_MNQ_DeployShell_v1_11.LogTelemetry(string DateTime string string)',CS0121,430,13,
CG_MNQ_DeployShell_v1_11.cs,Ambiguity between 'CG_MNQ_DeployShell_v1_11.MnqTickSize' and 'CG_MNQ_DeployShell_v1_11.MnqTickSize',CS0229,453,34,
CG_MNQ_DeployShell_v1_11.cs,Ambiguity between 'CG_MNQ_DeployShell_v1_11.activeEntryOrder' and 'CG_MNQ_DeployShell_v1_11.activeEntryOrder',CS0229,464,17,
CG_MNQ_DeployShell_v1_11.cs,Ambiguity between 'CG_MNQ_DeployShell_v1_11.activeEntryTime' and 'CG_MNQ_DeployShell_v1_11.activeEntryTime',CS0229,467,21,
CG_MNQ_DeployShell_v1_11.cs,The call is ambiguous between the following methods or properties: 'CG_MNQ_DeployShell_v1_11.LogTelemetry(string DateTime string string)' and 'CG_MNQ_DeployShell_v1_11.LogTelemetry(string DateTime string string)',CS0121,468,21,
CG_MNQ_DeployShell_v1_11.cs,The call is ambiguous between the following methods or properties: 'CG_MNQ_DeployShell_v1_11.LogTelemetry(string DateTime string string)' and 'CG_MNQ_DeployShell_v1_11.LogTelemetry(string DateTime string string)',CS0121,473,21,
CG_MNQ_DeployShell_v1_11.cs,Ambiguity between 'CG_MNQ_DeployShell_v1_11.activeEntryOrder' and 'CG_MNQ_DeployShell_v1_11.activeEntryOrder',CS0229,474,21,
CG_MNQ_DeployShell_v1_11.cs,Ambiguity between 'CG_MNQ_DeployShell_v1_11.activeEntryName' and 'CG_MNQ_DeployShell_v1_11.activeEntryName',CS0229,475,21,
CG_MNQ_DeployShell_v1_11.cs,Ambiguity between 'CG_MNQ_DeployShell_v1_11.activeEntryTime' and 'CG_MNQ_DeployShell_v1_11.activeEntryTime',CS0229,476,21,
CG_MNQ_DeployShell_v1_11.cs,Ambiguity between 'CG_MNQ_DeployShell_v1_11.lastFlatOrEntryResetTime' and 'CG_MNQ_DeployShell_v1_11.lastFlatOrEntryResetTime',CS0229,477,21,
CG_MNQ_DeployShell_v1_11.cs,The call is ambiguous between the following methods or properties: 'CG_MNQ_DeployShell_v1_11.LogTelemetry(string DateTime string string)' and 'CG_MNQ_DeployShell_v1_11.LogTelemetry(string DateTime string string)',CS0121,489,13,
CG_MNQ_DeployShell_v1_11.cs,Ambiguity between 'CG_MNQ_DeployShell_v1_11.activeEntryOrder' and 'CG_MNQ_DeployShell_v1_11.activeEntryOrder',CS0229,494,17,
CG_MNQ_DeployShell_v1_11.cs,Ambiguity between 'CG_MNQ_DeployShell_v1_11.activeEntryName' and 'CG_MNQ_DeployShell_v1_11.activeEntryName',CS0229,495,17,
CG_MNQ_DeployShell_v1_11.cs,Ambiguity between 'CG_MNQ_DeployShell_v1_11.activeEntryTime' and 'CG_MNQ_DeployShell_v1_11.activeEntryTime',CS0229,496,17,
CG_MNQ_DeployShell_v1_11.cs,Ambiguity between 'CG_MNQ_DeployShell_v1_11.lastFlatOrEntryResetTime' and 'CG_MNQ_DeployShell_v1_11.lastFlatOrEntryResetTime',CS0229,497,17,
CG_MNQ_DeployShell_v1_11.cs,Ambiguity between 'CG_MNQ_DeployShell_v1_11.WriteTelemetry' and 'CG_MNQ_DeployShell_v1_11.WriteTelemetry',CS0229,503,18,
CG_MNQ_DeployShell_v1_11.cs,Ambiguity between 'CG_MNQ_DeployShell_v1_11.telemetryHeaderWritten' and 'CG_MNQ_DeployShell_v1_11.telemetryHeaderWritten',CS0229,503,36,
CG_MNQ_DeployShell_v1_11.cs,Ambiguity between 'CG_MNQ_DeployShell_v1_11.TelemetryCsvPath' and 'CG_MNQ_DeployShell_v1_11.TelemetryCsvPath',CS0229,508,52,
CG_MNQ_DeployShell_v1_11.cs,Ambiguity between 'CG_MNQ_DeployShell_v1_11.TelemetryCsvPath' and 'CG_MNQ_DeployShell_v1_11.TelemetryCsvPath',CS0229,512,34,
CG_MNQ_DeployShell_v1_11.cs,Ambiguity between 'CG_MNQ_DeployShell_v1_11.TelemetryCsvPath' and 'CG_MNQ_DeployShell_v1_11.TelemetryCsvPath',CS0229,514,40,
CG_MNQ_DeployShell_v1_11.cs,Ambiguity between 'CG_MNQ_DeployShell_v1_11.telemetryHeaderWritten' and 'CG_MNQ_DeployShell_v1_11.telemetryHeaderWritten',CS0229,518,17,
CG_MNQ_DeployShell_v1_11.cs,Ambiguity between 'CG_MNQ_DeployShell_v1_11.WriteTelemetry' and 'CG_MNQ_DeployShell_v1_11.WriteTelemetry',CS0229,528,18,
CG_MNQ_DeployShell_v1_11.cs,The call is ambiguous between the following methods or properties: 'CG_MNQ_DeployShell_v1_11.WriteTelemetryHeader()' and 'CG_MNQ_DeployShell_v1_11.WriteTelemetryHeader()',CS0121,533,17,
CG_MNQ_DeployShell_v1_11.cs,The call is ambiguous between the following methods or properties: 'CG_MNQ_DeployShell_v1_11.GetCurrentBidSafe()' and 'CG_MNQ_DeployShell_v1_11.GetCurrentBidSafe()',CS0121,534,30,
CG_MNQ_DeployShell_v1_11.cs,The call is ambiguous between the following methods or properties: 'CG_MNQ_DeployShell_v1_11.GetCurrentAskSafe()' and 'CG_MNQ_DeployShell_v1_11.GetCurrentAskSafe()',CS0121,535,30,
CG_MNQ_DeployShell_v1_11.cs,The call is ambiguous between the following methods or properties: 'CG_MNQ_DeployShell_v1_11.GetSpreadTicks(double double)' and 'CG_MNQ_DeployShell_v1_11.GetSpreadTicks(double double)',CS0121,536,38,
CG_MNQ_DeployShell_v1_11.cs,The call is ambiguous between the following methods or properties: 'CG_MNQ_DeployShell_v1_11.EscapeCsv(string)' and 'CG_MNQ_DeployShell_v1_11.EscapeCsv(string)',CS0121,541,21,
CG_MNQ_DeployShell_v1_11.cs,The call is ambiguous between the following methods or properties: 'CG_MNQ_DeployShell_v1_11.EscapeCsv(string)' and 'CG_MNQ_DeployShell_v1_11.EscapeCsv(string)',CS0121,542,21,
CG_MNQ_DeployShell_v1_11.cs,Ambiguity between 'CG_MNQ_DeployShell_v1_11.sessionTradeCount' and 'CG_MNQ_DeployShell_v1_11.sessionTradeCount',CS0229,547,21,
CG_MNQ_DeployShell_v1_11.cs,Ambiguity between 'CG_MNQ_DeployShell_v1_11.dailyLocked' and 'CG_MNQ_DeployShell_v1_11.dailyLocked',CS0229,548,21,
CG_MNQ_DeployShell_v1_11.cs,Ambiguity between 'CG_MNQ_DeployShell_v1_11.activeEntryTime' and 'CG_MNQ_DeployShell_v1_11.activeEntryTime',CS0229,549,21,
CG_MNQ_DeployShell_v1_11.cs,Ambiguity between 'CG_MNQ_DeployShell_v1_11.activeEntryTime' and 'CG_MNQ_DeployShell_v1_11.activeEntryTime',CS0229,549,68,
CG_MNQ_DeployShell_v1_11.cs,The call is ambiguous between the following methods or properties: 'CG_MNQ_DeployShell_v1_11.EscapeCsv(string)' and 'CG_MNQ_DeployShell_v1_11.EscapeCsv(string)',CS0121,550,21,
CG_MNQ_DeployShell_v1_11.cs,Ambiguity between 'CG_MNQ_DeployShell_v1_11.TelemetryCsvPath' and 'CG_MNQ_DeployShell_v1_11.TelemetryCsvPath',CS0229,552,36,
